{"_id":{"$oid":"5f7203e5fe61e38ddf85afd6"},"1":[{"StNum":"1032130668","Faculty":"Инженерная академия","Sp":"Нефтегазовое дело","Class":3,"Count":30}]}
{"_id":{"$oid":"5f7203f9fe61e38ddf85afd7"},"2":[{"StNum":"1092163076","Faculty":"Факультет непрерывного медицинского образования","Sp":"Экология","Class":1,"Count":311}]}
{"_id":{"$oid":"5f72040ffe61e38ddf85afd8"},"3.1":43832.0}
{"_id":{"$oid":"5f72041afe61e38ddf85afd9"},"3.2":56168.0}
{"_id":{"$oid":"5f720433fe61e38ddf85afda"},"4":[{"_id":{"$oid":"5f71fbe2bc37531514b49217"},"StNum":"1032094218","Faculty":"Инженерная академия","Sp":"Архитектура","EduLevel":"Бакалавриат","Class":1,"Status":"Отчислен","Orders":[{"OrderNum":"654/И","OrderDate":"2009-09-30","OrderText":"Зачислить иностранца"},{"OrderNum":"897/И","OrderDate":"2009-12-31","OrderText":"Отчислить за нарушение условий контракта"}],"idLanguage":4},{"_id":{"$oid":"5f71fbe2bc37531514b49290"},"StNum":"1042105074","Faculty":"Юридический институт","Sp":"Юриспруденция","EduLevel":"Аспирантура","Class":1,"Status":"Отчислен","Orders":[{"OrderNum":"","OrderDate":"2010-12-31","OrderText":"Зачислить как прошедшего по конкурсу (КВК)"},{"OrderNum":"ГОС(С)","OrderDate":"2013-02-28","OrderText":"Отчислить по собственному желанию"}],"idLanguage":2},{"_id":{"$oid":"5f71fbe2bc37531514b4972f"},"StNum":"1032072263","Faculty":"Факультет гуманитарных и социальных наук","Sp":"Государственное и муниципальное управление","EduLevel":"Специалитет","Class":5,"Status":"Окончил","Orders":[{"OrderNum":"855/Г","OrderDate":"2010-12-31","OrderText":"Перевести на следующий курс"},{"OrderNum":"273/Г","OrderDate":"2011-07-06","OrderText":"Перевести на следующий курс"},{"OrderNum":"256/Г","OrderDate":"2012-07-04","OrderText":"Перевести на следующий курс"},{"OrderNum":"289/Г","OrderDate":"2013-06-17","OrderText":"Отчислить в связи с окончанием обучения"}],"idLanguage":1},{"_id":{"$oid":"5f71fbe2bc37531514b497b0"},"StNum":"1032074676","Faculty":"Медицинский институт","Sp":"Лечебное дело","EduLevel":"Специалитет","Class":4,"Status":"Отчислен","Orders":[{"OrderNum":"1655/П","OrderDate":"2007-12-27","OrderText":"Зачислить иностранца"},{"OrderNum":"408/П","OrderDate":"2008-05-22","OrderText":"Перевести на другой учебный план"},{"OrderNum":"650/П","OrderDate":"2008-09-01","OrderText":"Перевести на другой уровень обучения"},{"OrderNum":"330/М","OrderDate":"2009-07-10","OrderText":"Перевести на следующий курс"},{"OrderNum":"786/М","OrderDate":"2009-12-31","OrderText":"Отчислить за нарушение условий контракта"},{"OrderNum":"152/М","OrderDate":"2010-03-23","OrderText":"Восстановить студентом"},{"OrderNum":"743/М","OrderDate":"2010-11-01","OrderText":"Отчислить за академическую задолженность"},{"OrderNum":"562/М","OrderDate":"2011-09-14","OrderText":"Восстановить студентом"},{"OrderNum":"562/М","OrderDate":"2011-09-14","OrderText":"Перевести на другой учебный план"},{"OrderNum":"357/М","OrderDate":"2012-07-05","OrderText":"Перевести на следующий курс"},{"OrderNum":"300/М","OrderDate":"2013-04-01","OrderText":"Отчислить за академическую задолженность"},{"OrderNum":"510/М","OrderDate":"2013-07-02","OrderText":"Восстановить студентом"},{"OrderNum":"510/М","OrderDate":"2013-07-02","OrderText":"Перевести на другой учебный план"},{"OrderNum":"764/М","OrderDate":"2013-09-10","OrderText":"Перевести на следующий курс"},{"OrderNum":"1417/М","OrderDate":"2013-12-23","OrderText":"Отчислить за нарушение условий контракта"}],"idLanguage":3},{"_id":{"$oid":"5f71fbe2bc37531514b499e8"},"StNum":"1032070576","Faculty":"Медицинский институт","Sp":"Фармация","EduLevel":"Специалитет","Class":3,"Status":"Отчислен","Orders":[{"OrderNum":"33/МВ","OrderDate":"2007-07-30","OrderText":"Зачислить как прошедшего по конкурсу"},{"OrderNum":"124/МВ","OrderDate":"2008-11-10","OrderText":"Перевести на следующий курс"},{"OrderNum":"119/МВ","OrderDate":"2009-11-02","OrderText":"Перевести на следующий курс"},{"OrderNum":"154/МВ","OrderDate":"2009-12-31","OrderText":"Отчислить по собственному желанию"},{"OrderNum":"147/МВ","OrderDate":"2011-09-08","OrderText":"Восстановить студентом"},{"OrderNum":"216/МВ","OrderDate":"2011-12-09","OrderText":"Отчислить по собственному желанию"}],"idLanguage":3},{"_id":{"$oid":"5f71fbe2bc37531514b49afd"},"StNum":"1032050494","Faculty":"Факультет гуманитарных и социальных наук","Sp":"Международные отношения","EduLevel":"Магистратура","Class":1,"Status":"Отчислен","Orders":[{"OrderNum":"189/Г","OrderDate":"2005-07-12","OrderText":"Зачислить как прошедшего по конкурсу"},{"OrderNum":"329/Г","OrderDate":"2005-10-06","OrderText":"Перевести на следующий курс"},{"OrderNum":"479/п","OrderDate":"2006-07-20","OrderText":"Перевести на следующий курс"},{"OrderNum":"58/г","OrderDate":"2007-02-15","OrderText":"Отчислить за академическую задолженность"},{"OrderNum":"147/Г","OrderDate":"2007-05-14","OrderText":"Восстановить студентом"},{"OrderNum":"257/Г","OrderDate":"2007-07-18","OrderText":"Перевести на следующий курс"},{"OrderNum":"61/Г","OrderDate":"2008-02-19","OrderText":"Продлить сессию"},{"OrderNum":"268/Г","OrderDate":"2008-07-14","OrderText":"Перевести на следующий курс"},{"OrderNum":"98/Г","OrderDate":"2009-02-18","OrderText":"Продлить сессию"},{"OrderNum":"478/Г","OrderDate":"2009-09-10","OrderText":"Продлить сессию"},{"OrderNum":"850/Г","OrderDate":"2009-12-31","OrderText":"Перевести на следующий курс"},{"OrderNum":"73/Г","OrderDate":"2010-02-17","OrderText":"Продлить сессию"},{"OrderNum":"218/Г","OrderDate":"2010-06-17","OrderText":"Отчислить в связи с окончанием обучения"},{"OrderNum":"550/Г","OrderDate":"2010-09-27","OrderText":"Зачислить как прошедшего по конкурсу"},{"OrderNum":"250/Г","OrderDate":"2011-06-20","OrderText":"Отчислить за академическую задолженность"}],"idLanguage":2},{"_id":{"$oid":"5f71fbe3bc37531514b4a4e1"},"StNum":"1042108023","Faculty":"Медицинский факультет","Sp":"Клиническая медицина","EduLevel":"Аспирантура","Class":1,"Status":"Окончил","Orders":[{"OrderNum":"","OrderDate":"2010-12-31","OrderText":"Зачислить как прошедшего по конкурсу (КВК)"},{"OrderNum":"к","OrderDate":"2014-12-31","OrderText":"Отчислить в связи с окончанием обучения"}],"idLanguage":1},{"_id":{"$oid":"5f71fbe3bc37531514b4a5f0"},"StNum":"1032041954","Faculty":"Филологический факультет","Sp":"История","EduLevel":"Бакалавриат","Class":5,"Status":"Отчислен","Orders":[{"OrderNum":"180/ФВ","OrderDate":"2004-12-31","OrderText":"Зачислить как прошедшего по конкурсу"},{"OrderNum":"74/ФВ","OrderDate":"2005-07-07","OrderText":"Перевести на следующий курс"},{"OrderNum":"18/ФВ","OrderDate":"2006-02-27","OrderText":"Отчислить за академическую задолженность"}],"idLanguage":2},{"_id":{"$oid":"5f71fbe3bc37531514b4a7ef"},"StNum":"1032072226","Faculty":"Медицинский факультет","Sp":"Лечебное дело","EduLevel":"Специалитет","Class":6,"Status":"Окончил","Orders":[{"OrderNum":"782/М","OrderDate":"2009-12-31","OrderText":"Восстановить студентом"},{"OrderNum":"782/М","OrderDate":"2009-12-31","OrderText":"Перевести на другой учебный план"},{"OrderNum":"665/М","OrderDate":"2010-10-19","OrderText":"Перевести на следующий курс"},{"OrderNum":"385/М","OrderDate":"2011-07-07","OrderText":"Перевести на следующий курс"},{"OrderNum":"765/М","OrderDate":"2011-10-14","OrderText":"Отчислить за академическую задолженность"},{"OrderNum":"990/М","OrderDate":"2011-12-26","OrderText":"Восстановить студентом"},{"OrderNum":"990/М","OrderDate":"2011-12-26","OrderText":"Перевести на другой учебный план"},{"OrderNum":"357/М","OrderDate":"2012-07-05","OrderText":"Перевести на следующий курс"},{"OrderNum":"531/М","OrderDate":"2013-07-08","OrderText":"Перевести на следующий курс"},{"OrderNum":"499/М","OrderDate":"2014-07-08","OrderText":"Перевести на следующий курс"},{"OrderNum":"540/М","OrderDate":"2015-06-25","OrderText":"Отчислить в связи с окончанием обучения"}],"idLanguage":3},{"_id":{"$oid":"5f71fbe3bc37531514b4b073"},"StNum":"1072148034","Faculty":"Юридический институт","Sp":"Юриспруденция","EduLevel":"Прикрепленное лицо","Class":1,"Status":"Окончил","Orders":[{"OrderNum":"1043а/и от 06.10.14","OrderDate":"2014-10-01","OrderText":"Зачислить как прошедшего по конкурсу (КВК)"},{"OrderNum":"","OrderDate":"2014-12-31","OrderText":"Отчислить в связи с окончанием обучения"}],"idLanguage":2},{"_id":{"$oid":"5f71fbe3bc37531514b4b5d5"},"StNum":"1032021916","Faculty":"Медицинский институт","Sp":"Лечебное дело","EduLevel":"дополнительное профессиональное образование","Class":1,"Status":"Отчислен","Orders":[{"OrderNum":"740/П","OrderDate":"2002-08-29","OrderText":"Зачислить как прошедшего по конкурсу"},{"OrderNum":"1772/П","OrderDate":"2002-12-31","OrderText":"Отчислить за академическую задолженность"}],"idLanguage":3},{"_id":{"$oid":"5f71fbe3bc37531514b4b8de"},"StNum":"1032090354","Faculty":"Экологический факультет","Sp":"Экология и природопользование","EduLevel":"Бакалавриат","Class":2,"Status":"Учится","Orders":[{"OrderNum":"240/ЯР","OrderDate":"2009-08-05","OrderText":"Зачислить как прошедшего по конкурсу"},{"OrderNum":"59/ЯР","OrderDate":"2010-07-07","OrderText":"Перевести на другой уровень обучения"},{"OrderNum":"854/И","OrderDate":"2010-12-31","OrderText":"Предоставить академический отпуск"},{"OrderNum":"656/И","OrderDate":"2011-10-20","OrderText":"Восстановить студентом"},{"OrderNum":"289/И","OrderDate":"2012-06-08","OrderText":"Отчислить за нарушение условий контракта"},{"OrderNum":"698/И","OrderDate":"2012-10-05","OrderText":"Восстановить студентом"},{"OrderNum":"698/И","OrderDate":"2012-10-05","OrderText":"Перевести на другой учебный план"},{"OrderNum":"5/ОВ","OrderDate":"2015-06-02","OrderText":"Перевести на следующий курс"}],"Contracts":[{"ContractGUID":"4ae1c01d-9e24-11e3-80b8-005056833d8a","ContractDate":"2012-09-13","ContractSumma":337500.0}],"idLanguage":2},{"_id":{"$oid":"5f71fbe3bc37531514b4b9d4"},"StNum":"1032085586","Faculty":"Медицинский институт","Sp":"Лечебное дело","EduLevel":"Специалитет","Class":2,"Status":"Отчислен","Orders":[{"OrderNum":"1880/П","OrderDate":"2008-12-31","OrderText":"Зачислить иностранца"},{"OrderNum":"909/П","OrderDate":"2010-09-29","OrderText":"Перевести на другой уровень обучения"},{"OrderNum":"383/М","OrderDate":"2011-07-07","OrderText":"Перевести на следующий курс"},{"OrderNum":"917/М","OrderDate":"2012-11-13","OrderText":"Отчислить по собственному желанию"}],"Contracts":[{"ContractGUID":"a41df4b4-d870-11e3-80b8-005056833d8a","ContractDate":"2011-05-24","ContractSumma":1200.0},{"ContractGUID":"0a806316-d872-11e3-80b8-005056833d8a","ContractDate":"2011-06-03","ContractSumma":2250.0},{"ContractGUID":"08e01717-d870-11e3-80b8-005056833d8a","ContractDate":"2011-06-15","ContractSumma":3000.0},{"ContractGUID":"12e67623-d875-11e3-80b8-005056833d8a","ContractDate":"2011-06-16","ContractSumma":2800.0},{"ContractGUID":"","ContractDate":"2016-12-28","ContractSumma":0.0}],"idLanguage":3},{"_id":{"$oid":"5f71fbe3bc37531514b4bbb7"},"StNum":"1032081938","Faculty":"Факультет гуманитарных и социальных наук","Sp":"Реклама и связи с общественностью","EduLevel":"Бакалавриат","Class":4,"Status":"Окончил","Orders":[{"OrderNum":"265/Г","OrderDate":"2010-07-12","OrderText":"Продлить сессию"},{"OrderNum":"855/Г","OrderDate":"2010-12-31","OrderText":"Перевести на следующий курс"},{"OrderNum":"840/Г","OrderDate":"2011-12-06","OrderText":"Перевести на следующий курс"},{"OrderNum":"240/Г","OrderDate":"2012-06-20","OrderText":"Отчислить в связи с окончанием обучения"}],"idLanguage":4},{"_id":{"$oid":"5f71fbe3bc37531514b4c015"},"StNum":"1032090342","Faculty":"Факультет гуманитарных и социальных наук","Sp":"Государственное и муниципальное управление","EduLevel":"Специалитет","Class":5,"Status":"Окончил","Orders":[{"OrderNum":"855/Г","OrderDate":"2010-12-31","OrderText":"Перевести на следующий курс"},{"OrderNum":"124/Г","OrderDate":"2011-02-24","OrderText":"Продлить сессию"},{"OrderNum":"725/Г","OrderDate":"2011-10-27","OrderText":"Перевести на следующий курс"},{"OrderNum":"256/Г","OrderDate":"2012-07-04","OrderText":"Перевести на следующий курс"},{"OrderNum":"343/Г","OrderDate":"2013-07-05","OrderText":"Перевести на следующий курс"},{"OrderNum":"243/Г","OrderDate":"2014-06-20","OrderText":"Отчислить в связи с окончанием обучения"}],"Contracts":[{"ContractGUID":"514ee771-d871-11e3-80b8-005056833d8a","ContractDate":"2014-03-12","ContractSumma":600.0}],"idLanguage":1},{"_id":{"$oid":"5f71fbe4bc37531514b4c7fc"},"StNum":"1032070840","Faculty":"Инженерная академия","Sp":"Архитектура","EduLevel":"Бакалавриат","Class":3,"Status":"Отчислен","Orders":[{"OrderNum":"337/Я","OrderDate":"2007-07-31","OrderText":"Зачислить как прошедшего по конкурсу"},{"OrderNum":"174/ЯР","OrderDate":"2008-07-14","OrderText":"Перевести на другой уровень обучения"},{"OrderNum":"598/И","OrderDate":"2009-09-15","OrderText":"Отчислить за академическую задолженность"},{"OrderNum":"896/И","OrderDate":"2009-12-31","OrderText":"Восстановить студентом"},{"OrderNum":"680/И","OrderDate":"2011-10-26","OrderText":"Отчислить за академическую задолженность"},{"OrderNum":"170/И","OrderDate":"2012-03-21","OrderText":"Перевести на другой учебный план"},{"OrderNum":"170/И","OrderDate":"2012-03-21","OrderText":"Восстановить студентом"},{"OrderNum":"548/И","OrderDate":"2012-09-10","OrderText":"Перевести на следующий курс"},{"OrderNum":"568/И","OrderDate":"2013-07-11","OrderText":"Перевести на следующий курс"},{"OrderNum":"124/И","OrderDate":"2014-03-24","OrderText":"Отчислить за академическую задолженность"}],"Contracts":[{"ContractGUID":"3be23726-d874-11e3-80b8-005056833d8a","ContractDate":"2013-02-26","ContractSumma":4500.0},{"ContractGUID":"58f487b1-d873-11e3-80b8-005056833d8a","ContractDate":"2013-03-22","ContractSumma":4500.0},{"ContractGUID":"5a922ae7-d875-11e3-80b8-005056833d8a","ContractDate":"2013-04-02","ContractSumma":4500.0},{"ContractGUID":"0623a56e-d874-11e3-80b8-005056833d8a","ContractDate":"2013-05-28","ContractSumma":3000.0}]},{"_id":{"$oid":"5f71fbe4bc37531514b4d0d3"},"StNum":"1032024313","Faculty":"Инженерная академия","Sp":"Геология и разведка месторождений полезных ископаемых","EduLevel":"Дополнительное образование детей и взрослых","Class":2,"Status":"Отчислен","Orders":[{"OrderNum":"1756/П","OrderDate":"2002-12-31","OrderText":"Зачислить как прошедшего по конкурсу"},{"OrderNum":"301/И","OrderDate":"2004-07-12","OrderText":"Продлить сессию"},{"OrderNum":"538/И","OrderDate":"2004-10-20","OrderText":"Отчислить за академическую задолженность"},{"OrderNum":"18/И","OrderDate":"2005-02-01","OrderText":"Восстановить студентом"},{"OrderNum":"180/И","OrderDate":"2005-07-12","OrderText":"Продлить сессию"},{"OrderNum":"352/И","OrderDate":"2005-10-27","OrderText":"Перевести на следующий курс"},{"OrderNum":"206/и","OrderDate":"2006-07-17","OrderText":"Отчислить за академическую задолженность"}],"idLanguage":1},{"_id":{"$oid":"5f71fbe5bc37531514b4dbad"},"StNum":"1032083074","Faculty":"Юридический институт","Sp":"Юриспруденция","EduLevel":"Бакалавриат","Class":2,"Status":"Отчислен","Orders":[{"OrderNum":"140/ЮЗ","OrderDate":"2008-09-29","OrderText":"Зачислить как прошедшего по конкурсу"},{"OrderNum":"215/ЮЗ","OrderDate":"2009-12-31","OrderText":"Отчислить по собственному желанию"},{"OrderNum":"17/ЮЗ","OrderDate":"2011-02-02","OrderText":"Перевести на другой учебный план"},{"OrderNum":"17/ЮЗ","OrderDate":"2011-02-02","OrderText":"Восстановить студентом"},{"OrderNum":"131/ЮЗ","OrderDate":"2011-07-14","OrderText":"Отчислить за нарушение условий контракта"}],"idLanguage":2},{"_id":{"$oid":"5f71fbe5bc37531514b4e233"},"StNum":"1032082508","Faculty":"Медицинский факультет","Sp":"Фармация","EduLevel":"Специалитет","Class":6,"Status":"Окончил","Orders":[{"OrderNum":"72/МВ","OrderDate":"2011-03-04","OrderText":"Перевести на следующий курс"},{"OrderNum":"185/МВ","OrderDate":"2011-10-20","OrderText":"Перевести на следующий курс"},{"OrderNum":"93/МВ","OrderDate":"2012-05-23","OrderText":"Отчислить за нарушение условий контракта"},{"OrderNum":"118/МВ","OrderDate":"2012-06-26","OrderText":"Восстановить студентом"},{"OrderNum":"179/МВ","OrderDate":"2012-10-22","OrderText":"Перевести на следующий курс"},{"OrderNum":"308/МВ","OrderDate":"2013-12-31","OrderText":"Перевести на следующий курс"},{"OrderNum":"44/МВ","OrderDate":"2014-02-13","OrderText":"Отчислить в связи с окончанием обучения"}],"idLanguage":4},{"_id":{"$oid":"5f71fbe5bc37531514b4e529"},"StNum":"1032091970","Faculty":"Медицинский факультет","Sp":"Фармация","EduLevel":"Специалитет","Class":6,"Status":"Окончил","Orders":[{"OrderNum":"129/МВ","OrderDate":"2010-10-22","OrderText":"Перевести на следующий курс"},{"OrderNum":"185/МВ","OrderDate":"2011-10-20","OrderText":"Перевести на следующий курс"},{"OrderNum":"179/МВ","OrderDate":"2012-10-22","OrderText":"Перевести на следующий курс"},{"OrderNum":"308/МВ","OrderDate":"2013-12-31","OrderText":"Перевести на следующий курс"},{"OrderNum":"44/МВ","OrderDate":"2014-02-13","OrderText":"Отчислить в связи с окончанием обучения"}]},{"_id":{"$oid":"5f71fbe5bc37531514b4ef8b"},"StNum":"1042105090","Faculty":"Медицинский факультет","Sp":"Клиническая медицина","EduLevel":"Аспирантура","Class":1,"Status":"Окончил","Orders":[{"OrderNum":"","OrderDate":"2010-12-31","OrderText":"Зачислить как прошедшего по конкурсу (КВК)"},{"OrderNum":"ГОС(С-СНГ)","OrderDate":"2014-06-30","OrderText":"Отчислить в связи с окончанием обучения"}]},{"_id":{"$oid":"5f71fbe6bc37531514b502da"},"StNum":"1032134032","Faculty":"Факультет русского языка и общеобразовательных дисциплин","Sp":"Ветеринария","EduLevel":"Дополнительное образование детей и взрослых","Class":1,"Status":"Отчислен","Orders":[{"OrderNum":"192/П","OrderDate":"2013-02-27","OrderText":"Зачислить иностранца"},{"OrderNum":"1553/П","OrderDate":"2013-12-31","OrderText":"Отчислить за нарушение условий контракта"}],"idLanguage":1},{"_id":{"$oid":"5f71fbe6bc37531514b505a9"},"StNum":"1032074675","Faculty":"Медицинский институт","Sp":"Лечебное дело","EduLevel":"Специалитет","Class":4,"Status":"Отчислен","Orders":[{"OrderNum":"1654/П","OrderDate":"2007-12-27","OrderText":"Зачислить иностранца"},{"OrderNum":"288/П","OrderDate":"2008-03-19","OrderText":"Перевести на другой учебный план"},{"OrderNum":"650/П","OrderDate":"2008-09-01","OrderText":"Перевести на другой уровень обучения"},{"OrderNum":"330/М","OrderDate":"2009-07-10","OrderText":"Перевести на следующий курс"},{"OrderNum":"785/М","OrderDate":"2009-12-31","OrderText":"Отчислить за нарушение условий контракта"},{"OrderNum":"151/М","OrderDate":"2010-03-23","OrderText":"Восстановить студентом"},{"OrderNum":"743/М","OrderDate":"2010-11-01","OrderText":"Отчислить за академическую задолженность"},{"OrderNum":"245/М","OrderDate":"2011-05-06","OrderText":"Восстановить студентом"},{"OrderNum":"384/М","OrderDate":"2011-07-07","OrderText":"Перевести на следующий курс"},{"OrderNum":"357/М","OrderDate":"2012-07-05","OrderText":"Перевести на следующий курс"},{"OrderNum":"300/М","OrderDate":"2013-04-01","OrderText":"Отчислить за академическую задолженность"},{"OrderNum":"448/М","OrderDate":"2013-06-13","OrderText":"Восстановить студентом"},{"OrderNum":"448/М","OrderDate":"2013-06-13","OrderText":"Перевести на другой учебный план"},{"OrderNum":"530/М","OrderDate":"2013-07-08","OrderText":"Перевести на следующий курс"},{"OrderNum":"1418/М","OrderDate":"2013-12-23","OrderText":"Отчислить за нарушение условий контракта"}],"idLanguage":2},{"_id":{"$oid":"5f71fbe6bc37531514b50666"},"StNum":"1032082088","Faculty":"Факультет гуманитарных и социальных наук","Sp":"Политология","EduLevel":"Бакалавриат","Class":4,"Status":"Окончил","Orders":[{"OrderNum":"73/Г","OrderDate":"2010-02-17","OrderText":"Продлить сессию"},{"OrderNum":"855/Г","OrderDate":"2010-12-31","OrderText":"Перевести на следующий курс"},{"OrderNum":"265/Г","OrderDate":"2011-07-04","OrderText":"Перевести на следующий курс"},{"OrderNum":"703/Г","OrderDate":"2012-10-24","OrderText":"Перевести на следующий курс"},{"OrderNum":"287/Г","OrderDate":"2013-06-17","OrderText":"Отчислить в связи с окончанием обучения"}],"idLanguage":4},{"_id":{"$oid":"5f71fbe6bc37531514b5072d"},"StNum":"1032094389","Faculty":"Факультет гуманитарных и социальных наук","Sp":"Политология","EduLevel":"Дополнительное образование детей и взрослых","Class":1,"Status":"Отчислен","Orders":[{"OrderNum":"1707/П","OrderDate":"2009-12-31","OrderText":"Зачислить иностранца"},{"OrderNum":"595/П","OrderDate":"2010-07-08","OrderText":"Отчислить в связи с прекращением посещения занятий"}],"idLanguage":4},{"_id":{"$oid":"5f71fbe7bc37531514b510a2"},"StNum":"1032091593","Faculty":"Медицинский институт","Sp":"Фармация","EduLevel":"Специалитет","Class":2,"Status":"В академическом отпуске","Orders":[{"OrderNum":"81/МВ","OrderDate":"2009-08-21","OrderText":"Зачислить как прошедшего по конкурсу"},{"OrderNum":"128/МВ","OrderDate":"2010-10-22","OrderText":"Перевести на следующий курс"},{"OrderNum":"194/МВ","OrderDate":"2010-12-22","OrderText":"Отчислить за нарушение условий контракта"},{"OrderNum":"214/МВ","OrderDate":"2010-12-31","OrderText":"Предоставить отпуск по уходу за ребенком до 1,5 лет"}],"idLanguage":1},{"_id":{"$oid":"5f71fbe7bc37531514b516f7"},"StNum":"1032050342","Faculty":"Медицинский факультет","Sp":"Фармация","EduLevel":"Специалитет","Class":6,"Status":"Окончил","Orders":[{"OrderNum":"75/МВ","OrderDate":"2010-06-03","OrderText":"Восстановить студентом"},{"OrderNum":"162/МВ","OrderDate":"2010-11-23","OrderText":"Перевести на следующий курс"},{"OrderNum":"28/МВ","OrderDate":"2012-02-08","OrderText":"Отчислить за академическую задолженность"},{"OrderNum":"186/МВ","OrderDate":"2012-10-24","OrderText":"Восстановить студентом"},{"OrderNum":"308/МВ","OrderDate":"2013-12-31","OrderText":"Перевести на следующий курс"},{"OrderNum":"45/МВ","OrderDate":"2014-02-13","OrderText":"Отчислить за академическую задолженность"},{"OrderNum":"114/МВ","OrderDate":"2014-04-07","OrderText":"Восстановить студентом"},{"OrderNum":"193/МВ","OrderDate":"2014-06-19","OrderText":"Отчислить в связи с окончанием обучения"}],"idLanguage":1},{"_id":{"$oid":"5f71fbe7bc37531514b51814"},"StNum":"1032094007","Faculty":"Факультет русского языка и общеобразовательных дисциплин","Sp":"Лечебное дело","EduLevel":"Дополнительное образование детей и взрослых","Class":1,"Status":"Отчислен","Orders":[{"OrderNum":"91/П","OrderDate":"2009-01-29","OrderText":"Зачислить иностранца"},{"OrderNum":"1704/П","OrderDate":"2009-12-31","OrderText":"Отчислить за нарушение условий контракта"},{"OrderNum":"45/П","OrderDate":"2010-01-25","OrderText":"Восстановить студентом"},{"OrderNum":"467/П","OrderDate":"2010-05-28","OrderText":"Отчислить за нарушение условий контракта"},{"OrderNum":"583/П","OrderDate":"2010-07-08","OrderText":"Отменить предыдущий приказ"},{"OrderNum":"842/П","OrderDate":"2010-09-22","OrderText":"Отчислить в связи с окончанием обучения"},{"OrderNum":"187/П","OrderDate":"2011-02-22","OrderText":"Отчислить за нарушение условий контракта"},{"OrderNum":"376/М","OrderDate":"2012-07-11","OrderText":"Отменить предыдущий приказ"}],"idLanguage":3},{"_id":{"$oid":"5f71fbe7bc37531514b51ae1"},"StNum":"1032092111","Faculty":"Аграрно-технологический институт","Sp":"Экономика","EduLevel":"Специалитет","Class":2,"Status":"Отчислен","Orders":[{"OrderNum":"41/Ш","OrderDate":"2003-07-09","OrderText":"Зачислить как прошедшего по конкурсу"},{"OrderNum":"142/Ю","OrderDate":"2004-06-15","OrderText":"Отчислить за академическую задолженность"},{"OrderNum":"157/Ю","OrderDate":"2004-06-29","OrderText":"Продлить сессию"},{"OrderNum":"313/Ю","OrderDate":"2004-11-12","OrderText":"Восстановить студентом"},{"OrderNum":"27/Ю","OrderDate":"2005-03-21","OrderText":"Перевести на следующий курс"},{"OrderNum":"95/Ю","OrderDate":"2005-07-14","OrderText":"Продлить сессию"},{"OrderNum":"170/Ю","OrderDate":"2005-10-06","OrderText":"Перевести на следующий курс"},{"OrderNum":"64/Ю","OrderDate":"2006-05-03","OrderText":"Отчислить за академическую задолженность"},{"OrderNum":"100/Ю","OrderDate":"2006-06-30","OrderText":"Восстановить студентом"},{"OrderNum":"306/Ю","OrderDate":"2006-10-27","OrderText":"Перевести на другой учебный план"},{"OrderNum":"270/Ю","OrderDate":"2007-10-03","OrderText":"Отчислить за академическую задолженность"},{"OrderNum":"360/Ю","OrderDate":"2007-10-29","OrderText":"Восстановить студентом"},{"OrderNum":"61/Ю","OrderDate":"2008-04-07","OrderText":"Отчислить в связи с окончанием обучения"},{"OrderNum":"155/СВ-1","OrderDate":"2009-11-02","OrderText":"Зачислить как прошедшего по конкурсу"},{"OrderNum":"178/СВ","OrderDate":"2009-12-31","OrderText":"Перевести на следующий курс"},{"OrderNum":"71/СВ","OrderDate":"2010-07-23","OrderText":"Отчислить за нарушение условий контракта"}],"idLanguage":1},{"_id":{"$oid":"5f71fbe8bc37531514b5221c"},"StNum":"1032080443","Faculty":"Факультет гуманитарных и социальных наук","Sp":"Государственное и муниципальное управление","EduLevel":"Специалитет","Class":3,"Status":"Отчислен","Orders":[{"OrderNum":"232/ЯР","OrderDate":"2008-07-28","OrderText":"Зачислить как прошедшего по конкурсу"},{"OrderNum":"399/ЯР","OrderDate":"2008-09-17","OrderText":"Перевести на другой учебный план"},{"OrderNum":"54/Ш","OrderDate":"2009-05-15","OrderText":"Отчислить за академическую задолженность"},{"OrderNum":"115/Ш","OrderDate":"2009-12-15","OrderText":"Восстановить студентом"},{"OrderNum":"190/ГВ","OrderDate":"2009-12-31","OrderText":"Перевести на следующий курс"},{"OrderNum":"118/ГВ","OrderDate":"2010-10-20","OrderText":"Перевести на следующий курс"},{"OrderNum":"144/ГВ","OrderDate":"2010-11-16","OrderText":"Отчислить за нарушение условий контракта"}],"idLanguage":1},{"_id":{"$oid":"5f71fbe8bc37531514b52b53"},"StNum":"1032145588","Faculty":"Филологический факультет","Sp":"Филология","EduLevel":"Магистратура","Class":2,"Status":"Окончил","Orders":[{"OrderNum":"1673/П","OrderDate":"2014-12-31","OrderText":"Зачислить иностранца"},{"OrderNum":"1673/П","OrderDate":"2014-12-31","OrderText":"Смена ФИО на латинице"},{"OrderNum":"1673/П","OrderDate":"2014-12-31","OrderText":"Смена ФИО"},{"OrderNum":"740/Ф","OrderDate":"2015-09-23","OrderText":"Зачислить как прошедшего по конкурсу"},{"OrderNum":"81/Ф","OrderDate":"2016-02-15","OrderText":"Назначение стипендии"},{"OrderNum":"393/Ф","OrderDate":"2016-07-11","OrderText":"Перевести на следующий курс"},{"OrderNum":"376/Ф","OrderDate":"2017-06-16","OrderText":"Отчислить в связи с окончанием обучения"}],"Contracts":[{"ContractGUID":"77600a26-9146-11e6-814d-005056837a1d","ContractDate":"2016-10-13","ContractSumma":0.0},{"ContractGUID":"98b62688-12f2-11e7-815f-005056833d8a","ContractDate":"2017-03-27","ContractSumma":0.0},{"ContractGUID":"2ea0573f-e290-11e8-820b-005056833d8a","ContractDate":"2018-11-07","ContractSumma":0.0}],"idLanguage":4},{"_id":{"$oid":"5f71fbe8bc37531514b52c1b"},"StNum":"1032001228","Faculty":"Филологический факультет","Sp":"Лингвистика","EduLevel":"дополнительное профессиональное образование","Class":1,"Status":"Отчислен","Orders":[{"OrderNum":"566/П","OrderDate":"2000-07-24","OrderText":"Зачислить как прошедшего по конкурсу"},{"OrderNum":"488/ф","OrderDate":"2002-12-31","OrderText":"Отчислить за академическую задолженность"}],"idLanguage":4},{"_id":{"$oid":"5f71fbe8bc37531514b53034"},"StNum":"1082092122","Faculty":"Медицинский факультет","Sp":"Биологические науки","EduLevel":"Соискатель","Class":1,"Status":"Окончил","Orders":[{"OrderNum":"","OrderDate":"2010-12-31","OrderText":"Отчислить в связи с окончанием обучения"}],"Contracts":[{"ContractGUID":"f438714a-d873-11e3-80b8-005056833d8a","ContractDate":"2009-10-14","ContractSumma":2020.0}],"idLanguage":1},{"_id":{"$oid":"5f71fbe8bc37531514b53086"},"StNum":"1032044376","Faculty":"Инженерная академия","Sp":"Архитектура","EduLevel":"Магистратура","Class":1,"Status":"Отчислен","Orders":[{"OrderNum":"7/П","OrderDate":"2005-01-20","OrderText":"Зачислить как прошедшего по конкурсу"},{"OrderNum":"515/П","OrderDate":"2005-09-28","OrderText":"Перевести на следующий курс"},{"OrderNum":"3/с","OrderDate":"2006-01-13","OrderText":"Перевести на бюджетную основу обучения"},{"OrderNum":"81/С","OrderDate":"2006-07-10","OrderText":"Перевести на другой учебный план"},{"OrderNum":"206/и","OrderDate":"2006-07-17","OrderText":"Перевести на следующий курс"},{"OrderNum":"493/И","OrderDate":"2007-09-25","OrderText":"Перевести на следующий курс"},{"OrderNum":"428/И","OrderDate":"2008-07-15","OrderText":"Перевести на следующий курс"},{"OrderNum":"329/И","OrderDate":"2009-06-24","OrderText":"Отчислить в связи с окончанием обучения"},{"OrderNum":"405/И","OrderDate":"2009-07-17","OrderText":"Зачислить как прошедшего по конкурсу"},{"OrderNum":"792/И","OrderDate":"2009-11-16","OrderText":"Отчислить по собственному желанию"},{"OrderNum":"895/И","OrderDate":"2009-12-31","OrderText":"Восстановить студентом"},{"OrderNum":"626/И","OrderDate":"2011-10-14","OrderText":"Отчислить как не приступившего к занятиям"}],"idLanguage":3},{"_id":{"$oid":"5f71fbe8bc37531514b530d8"},"StNum":"1032024540","Faculty":"Медицинский институт","Sp":"Лечебное дело","EduLevel":"Специалитет","Class":1,"Status":"Отчислен","Orders":[{"OrderNum":"1765/п","OrderDate":"2002-12-31","OrderText":"Зачислить как прошедшего по конкурсу"},{"OrderNum":"234/М","OrderDate":"2004-07-20","OrderText":"Продлить сессию"},{"OrderNum":"337/М","OrderDate":"2004-09-27","OrderText":"Отчислить за академическую задолженность"}]},{"_id":{"$oid":"5f71fbe8bc37531514b5316e"},"StNum":"1032082622","Faculty":"Медицинский институт","Sp":"Лечебное дело","EduLevel":"Специалитет","Class":2,"Status":"Отчислен","Orders":[{"OrderNum":"311/М","OrderDate":"2008-09-05","OrderText":"Зачислить как прошедшего по конкурсу"},{"OrderNum":"330/М","OrderDate":"2009-07-10","OrderText":"Перевести на следующий курс"},{"OrderNum":"567/М","OrderDate":"2009-10-07","OrderText":"Отчислить за академическую задолженность"},{"OrderNum":"781/М","OrderDate":"2009-12-31","OrderText":"Перевести на другой учебный план"},{"OrderNum":"781/М","OrderDate":"2009-12-31","OrderText":"Восстановить студентом"},{"OrderNum":"419/М","OrderDate":"2010-08-27","OrderText":"Перевести на следующий курс"},{"OrderNum":"198/М","OrderDate":"2011-03-31","OrderText":"Отчислить за академическую задолженность"},{"OrderNum":"842/М","OrderDate":"2011-11-01","OrderText":"Восстановить студентом"},{"OrderNum":"216/М","OrderDate":"2012-04-11","OrderText":"Отчислить за академическую задолженность"}],"idLanguage":1},{"_id":{"$oid":"5f71fbe8bc37531514b53228"},"StNum":"1032092031","Faculty":"Медицинский институт","Sp":"Сестринское дело","EduLevel":"Специалитет","Class":1,"Status":"Отчислен","Orders":[{"OrderNum":"124/МВ-1","OrderDate":"2009-11-02","OrderText":"Зачислить как прошедшего по конкурсу"},{"OrderNum":"153/МВ","OrderDate":"2009-12-31","OrderText":"Отчислить по собственному желанию"}],"idLanguage":1},{"_id":{"$oid":"5f71fbe8bc37531514b534e8"},"StNum":"1032081940","Faculty":"Факультет гуманитарных и социальных наук","Sp":"Реклама и связи с общественностью","EduLevel":"Бакалавриат","Class":4,"Status":"Окончил","Orders":[{"OrderNum":"265/Г","OrderDate":"2010-07-12","OrderText":"Продлить сессию"},{"OrderNum":"855/Г","OrderDate":"2010-12-31","OrderText":"Перевести на следующий курс"},{"OrderNum":"840/Г","OrderDate":"2011-12-06","OrderText":"Перевести на следующий курс"},{"OrderNum":"240/Г","OrderDate":"2012-06-20","OrderText":"Отчислить в связи с окончанием обучения"}]},{"_id":{"$oid":"5f71fbe8bc37531514b535bd"},"StNum":"1032084646","Faculty":"Факультет русского языка и общеобразовательных дисциплин","Sp":"Строительство","EduLevel":"Дополнительное образование детей и взрослых","Class":1,"Status":"Отчислен","Orders":[{"OrderNum":"1634/П","OrderDate":"2008-11-27","OrderText":"Зачислить иностранца"},{"OrderNum":"1700/П","OrderDate":"2009-12-31","OrderText":"Отчислить за нарушение условий контракта"},{"OrderNum":"682/П","OrderDate":"2010-08-13","OrderText":"Восстановить студентом"},{"OrderNum":"1499/П","OrderDate":"2010-11-17","OrderText":"Отчислить за нарушение условий контракта"}],"idLanguage":3},{"_id":{"$oid":"5f71fbe9bc37531514b541d2"},"StNum":"1032091408","Faculty":"Факультет гуманитарных и социальных наук","Sp":"Государственное и муниципальное управление","EduLevel":"Специалитет","Class":5,"Status":"Окончил","Orders":[{"OrderNum":"633/Г","OrderDate":"2010-10-15","OrderText":"Перевести на следующий курс"},{"OrderNum":"820/Г","OrderDate":"2010-12-17","OrderText":"Отчислить за нарушение условий контракта"},{"OrderNum":"856/Г","OrderDate":"2010-12-31","OrderText":"Отменить предыдущий приказ"},{"OrderNum":"200/Г","OrderDate":"2011-05-19","OrderText":"Отчислить за нарушение условий контракта"},{"OrderNum":"211/Г","OrderDate":"2011-05-31","OrderText":"Отменить предыдущий приказ"},{"OrderNum":"875/Г","OrderDate":"2011-12-20","OrderText":"Отчислить за академическую задолженность"},{"OrderNum":"395/Г","OrderDate":"2012-09-07","OrderText":"Восстановить студентом"},{"OrderNum":"753/Г","OrderDate":"2012-11-16","OrderText":"Отчислить за нарушение условий контракта"},{"OrderNum":"833/Г","OrderDate":"2012-12-20","OrderText":"Восстановить студентом"},{"OrderNum":"833/Г","OrderDate":"2012-12-20","OrderText":"Перевести на другой учебный план"},{"OrderNum":"96/ГВ","OrderDate":"2013-10-10","OrderText":"Перевести на следующий курс"},{"OrderNum":"158/ГВ","OrderDate":"2013-12-19","OrderText":"Перевести на другой учебный план"},{"OrderNum":"295/Г","OrderDate":"2014-07-07","OrderText":"Перевести на следующий курс"},{"OrderNum":"206/Г","OrderDate":"2015-05-26","OrderText":"Отчислить за нарушение условий контракта"},{"OrderNum":"214/Г","OrderDate":"2015-06-03","OrderText":"Отменить предыдущий приказ"},{"OrderNum":"272/Г","OrderDate":"2015-06-23","OrderText":"Отчислить в связи с окончанием обучения"}],"Contracts":[{"ContractGUID":"27ed6c00-dc55-11e4-80ea-005056833d8a","ContractDate":"2015-04-06","ContractSumma":0.0}],"idLanguage":4},{"_id":{"$oid":"5f71fbe9bc37531514b5422f"},"StNum":"1032094446","Faculty":"Факультет русского языка и общеобразовательных дисциплин","Sp":"Конструкторско-технологическое обеспечение машиностроительных производств","EduLevel":"Дополнительное образование детей и взрослых","Class":1,"Status":"Отчислен","Orders":[{"OrderNum":"1708/П","OrderDate":"2009-12-31","OrderText":"Зачислить иностранца"},{"OrderNum":"416/П","OrderDate":"2010-05-17","OrderText":"Отчислить за нарушение условий контракта"}],"idLanguage":3},{"_id":{"$oid":"5f71fbe9bc37531514b54488"},"StNum":"1032065286","Faculty":"Факультет русского языка и общеобразовательных дисциплин","Sp":"Лечебное дело","EduLevel":"Дополнительное образование детей и взрослых","Class":1,"Status":"Отчислен","Orders":[{"OrderNum":"1028/П","OrderDate":"2006-10-26","OrderText":"Зачислить иностранца"},{"OrderNum":"637/П","OrderDate":"2007-09-17","OrderText":"Перевести на другой уровень обучения"},{"OrderNum":"98/М","OrderDate":"2008-03-24","OrderText":"Предоставить академический отпуск"},{"OrderNum":"324/М","OrderDate":"2008-09-09","OrderText":"Восстановить студентом"},{"OrderNum":"127/М","OrderDate":"2009-03-10","OrderText":"Отчислить за академическую задолженность"},{"OrderNum":"256/М","OrderDate":"2009-05-05","OrderText":"Восстановить студентом"},{"OrderNum":"1699/П","OrderDate":"2009-12-31","OrderText":"Отчислить за нарушение условий контракта"}],"idLanguage":3},{"_id":{"$oid":"5f71fbe9bc37531514b54be4"},"StNum":"1032060884","Faculty":"Факультет гуманитарных и социальных наук","Sp":"Социология","EduLevel":"Бакалавриат","Class":3,"Status":"Отчислен","Orders":[{"OrderNum":"81/Я","OrderDate":"2006-08-02","OrderText":"Зачислить как прошедшего по конкурсу"},{"OrderNum":"241/Я","OrderDate":"2007-07-26","OrderText":"Продлить сессию"},{"OrderNum":"91/ЯР","OrderDate":"2007-09-27","OrderText":"Перевести на другой уровень обучения"},{"OrderNum":"61/Г","OrderDate":"2008-02-19","OrderText":"Продлить сессию"},{"OrderNum":"536/Г","OrderDate":"2008-10-10","OrderText":"Перевести на следующий курс"},{"OrderNum":"478/Г","OrderDate":"2009-09-10","OrderText":"Продлить сессию"},{"OrderNum":"850/Г","OrderDate":"2009-12-31","OrderText":"Перевести на следующий курс"},{"OrderNum":"42/Г","OrderDate":"2010-02-11","OrderText":"Отчислить за академическую задолженность"}],"idLanguage":2},{"_id":{"$oid":"5f71fbe9bc37531514b54dd7"},"StNum":"1032085069","Faculty":"Юридический институт","Sp":"Юриспруденция","EduLevel":"Специалитет","Class":2,"Status":"Отчислен","Orders":[{"OrderNum":"229/Ю","OrderDate":"2008-09-04","OrderText":"Зачислить иностранца"},{"OrderNum":"182/Ю","OrderDate":"2009-07-15","OrderText":"Перевести на следующий курс"},{"OrderNum":"520/Ю","OrderDate":"2009-12-31","OrderText":"Предоставить академический отпуск"},{"OrderNum":"91/Ю","OrderDate":"2011-04-19","OrderText":"Отчислить как не приступившего к занятиям"}],"idLanguage":4},{"_id":{"$oid":"5f71fbeabc37531514b55002"},"StNum":"1032169053","Faculty":"Инженерная академия","Sp":"Архитектура","EduLevel":"Магистратура","Class":1,"Status":"Отчислен","Orders":[{"OrderNum":"1881/П","OrderDate":"2008-12-31","OrderText":"Зачислить иностранца"},{"OrderNum":"10/И","OrderDate":"2017-01-26","OrderText":"Зачислить иностранца"},{"OrderNum":"580/И","OrderDate":"2017-08-29","OrderText":"Отчислить в связи с переводом в другой вуз"}],"Contracts":[{"ContractGUID":"4fd161a6-dbd1-11e6-8154-005056833d8a","ContractDate":"2017-01-16","ContractSumma":0.0},{"ContractGUID":"a95f2da1-dbd0-11e6-8154-005056833d8a","ContractDate":"2017-01-16","ContractSumma":0.0},{"ContractGUID":"829537c4-fda4-11e6-8159-005056833d8a","ContractDate":"2017-02-28","ContractSumma":0.0}],"idLanguage":1},{"_id":{"$oid":"5f71fbeabc37531514b55587"},"StNum":"1072138045","Faculty":"Юридический институт","Sp":"Юриспруденция","EduLevel":"Стажер","Class":1,"Status":"Окончил","Orders":[{"OrderNum":"1028а/и от 05.11.13","OrderDate":"2013-08-31","OrderText":"Зачислить как прошедшего по конкурсу (КВК)"},{"OrderNum":"к","OrderDate":"2013-12-31","OrderText":"Отчислить в связи с окончанием обучения"}],"idLanguage":2},{"_id":{"$oid":"5f71fbeabc37531514b55703"},"StNum":"1032082732","Faculty":"Медицинский факультет","Sp":"Фармация","EduLevel":"Специалитет","Class":6,"Status":"Окончил","Orders":[{"OrderNum":"129/МВ","OrderDate":"2010-10-22","OrderText":"Перевести на следующий курс"},{"OrderNum":"185/МВ","OrderDate":"2011-10-20","OrderText":"Перевести на следующий курс"},{"OrderNum":"179/МВ","OrderDate":"2012-10-22","OrderText":"Перевести на следующий курс"},{"OrderNum":"308/МВ","OrderDate":"2013-12-31","OrderText":"Перевести на следующий курс"},{"OrderNum":"44/МВ","OrderDate":"2014-02-13","OrderText":"Отчислить в связи с окончанием обучения"}],"idLanguage":1},{"_id":{"$oid":"5f71fbeabc37531514b55ba4"},"StNum":"1032010203","Faculty":"Факультет физико-математических и естественных наук","Sp":"Химия","EduLevel":"Бакалавриат","Class":1,"Status":"Отчислен","Orders":[{"OrderNum":"156/Н","OrderDate":"2001-07-18","OrderText":"Зачислить как прошедшего по конкурсу"},{"OrderNum":"315/н","OrderDate":"2002-12-31","OrderText":"Отчислить за академическую задолженность"}],"idLanguage":1},{"_id":{"$oid":"5f71fbeabc37531514b55ded"},"StNum":"1032075014","Faculty":"Факультет гуманитарных и социальных наук","Sp":"Государственное и муниципальное управление","EduLevel":"Специалитет","Class":4,"Status":"Отчислен","Orders":[{"OrderNum":"349/Я","OrderDate":"2007-08-20","OrderText":"Зачислить иностранца"},{"OrderNum":"255/ЯР","OrderDate":"2008-07-29","OrderText":"Перевести на другой уровень обучения"},{"OrderNum":"98/Г","OrderDate":"2009-02-18","OrderText":"Продлить сессию"},{"OrderNum":"478/Г","OrderDate":"2009-09-10","OrderText":"Продлить сессию"},{"OrderNum":"639/Г","OrderDate":"2009-10-14","OrderText":"Перевести на следующий курс"},{"OrderNum":"73/Г","OrderDate":"2010-02-17","OrderText":"Продлить сессию"},{"OrderNum":"265/Г","OrderDate":"2010-07-12","OrderText":"Продлить сессию"},{"OrderNum":"855/Г","OrderDate":"2010-12-31","OrderText":"Перевести на следующий курс"},{"OrderNum":"124/Г","OrderDate":"2011-02-24","OrderText":"Продлить сессию"},{"OrderNum":"866/Г","OrderDate":"2011-12-16","OrderText":"Перевести на следующий курс"},{"OrderNum":"270/Г","OrderDate":"2012-07-05","OrderText":"Отчислить за академическую задолженность"}],"idLanguage":2},{"_id":{"$oid":"5f71fbebbc37531514b56209"},"StNum":"1032094329","Faculty":"Факультет русского языка и общеобразовательных дисциплин","Sp":"Бизнес-информатика","EduLevel":"Дополнительное образование детей и взрослых","Class":1,"Status":"Отчислен","Orders":[{"OrderNum":"1281/П","OrderDate":"2009-10-29","OrderText":"Зачислить иностранца"},{"OrderNum":"1702/П","OrderDate":"2009-12-31","OrderText":"Отчислить за нарушение условий контракта"}],"idLanguage":4},{"_id":{"$oid":"5f71fbebbc37531514b56452"},"StNum":"1032060420","Faculty":"Факультет гуманитарных и социальных наук","Sp":"Государственное и муниципальное управление","EduLevel":"Специалитет","Class":2,"Status":"Отчислен","Orders":[{"OrderNum":"233/С","OrderDate":"2003-10-27","OrderText":"Зачислить как прошедшего по конкурсу"},{"OrderNum":"24/св","OrderDate":"2005-07-19","OrderText":"Перевести на следующий курс"},{"OrderNum":"75/Я","OrderDate":"2006-07-25","OrderText":"Зачислить как прошедшего по конкурсу"},{"OrderNum":"34/св","OrderDate":"2006-09-06","OrderText":"Перевести на следующий курс"},{"OrderNum":"246/Я","OrderDate":"2007-07-26","OrderText":"Продлить сессию"},{"OrderNum":"46/СВ","OrderDate":"2007-08-29","OrderText":"Перевести на следующий курс"},{"OrderNum":"15/ЯР","OrderDate":"2007-09-19","OrderText":"Перевести на другой уровень обучения"},{"OrderNum":"51/СВ","OrderDate":"2008-07-18","OrderText":"Перевести на следующий курс"},{"OrderNum":"373/Г","OrderDate":"2008-09-04","OrderText":"Продлить сессию"},{"OrderNum":"660/Г","OrderDate":"2008-12-30","OrderText":"Перевести на следующий курс"},{"OrderNum":"478/Г","OrderDate":"2009-09-10","OrderText":"Продлить сессию"},{"OrderNum":"852/Г","OrderDate":"2009-12-31","OrderText":"Отчислить за академическую задолженность"}]},{"_id":{"$oid":"5f71fbebbc37531514b56871"},"StNum":"1072145057","Faculty":"Факультет гуманитарных и социальных наук","Sp":"Политические науки и регионоведение","EduLevel":"Стажер","Class":1,"Status":"Окончил","Orders":[{"OrderNum":"1312а/и","OrderDate":"2014-12-08","OrderText":"Зачислить как прошедшего по конкурсу (КВК)"},{"OrderNum":"1312а/и от 08.12.14","OrderDate":"2014-12-31","OrderText":"Зачислить как прошедшего по конкурсу (КВК)"},{"OrderNum":"","OrderDate":"2015-10-31","OrderText":"Отчислить в связи с окончанием обучения"}],"idLanguage":3},{"_id":{"$oid":"5f71fbebbc37531514b572d8"},"StNum":"1032161807","Faculty":"Инженерная академия","Sp":"Энергетическое машиностроение","EduLevel":"Бакалавриат","Class":4,"Status":"В академическом отпуске","Orders":[{"OrderNum":"604/И","OrderDate":"2016-08-03","OrderText":"Зачислить как прошедшего по конкурсу"},{"OrderNum":"617/И","OrderDate":"2017-09-01","OrderText":"Перевести на следующий курс"},{"OrderNum":"565/И","OrderDate":"2018-07-11","OrderText":"Перевести на следующий курс"},{"OrderNum":"728/И","OrderDate":"2019-07-22","OrderText":"Перевести на следующий курс"},{"OrderNum":"1511/И","OrderDate":"2019-12-31","OrderText":"Предоставить академический отпуск по медицинским показаниям"}],"Contracts":[{"ContractGUID":"0e68f84b-6eb2-11e6-8148-005056837a1d","ContractDate":"2016-08-30","ContractSumma":0.0}],"idLanguage":3},{"_id":{"$oid":"5f71fbebbc37531514b574c6"},"StNum":"1032083664","Faculty":"Юридический институт","Sp":"Юриспруденция","EduLevel":"Специалитет","Class":1,"Status":"Отчислен","Orders":[{"OrderNum":"11/ЮЗ","OrderDate":"2009-01-29","OrderText":"Зачислить как прошедшего по конкурсу"},{"OrderNum":"216/ЮЗ","OrderDate":"2009-12-31","OrderText":"Отчислить по собственному желанию"}],"idLanguage":2},{"_id":{"$oid":"5f71fbecbc37531514b57cf4"},"StNum":"1032085585","Faculty":"Медицинский институт","Sp":"Лечебное дело","EduLevel":"Специалитет","Class":1,"Status":"Отчислен","Orders":[{"OrderNum":"1882/П","OrderDate":"2008-12-31","OrderText":"Зачислить иностранца"},{"OrderNum":"1089/П","OrderDate":"2010-10-15","OrderText":"Перевести на другой уровень обучения"},{"OrderNum":"1/М","OrderDate":"2011-01-12","OrderText":"Предоставить академический отпуск"},{"OrderNum":"795/М","OrderDate":"2011-10-20","OrderText":"Восстановить студентом"},{"OrderNum":"350/М","OrderDate":"2012-07-04","OrderText":"Продлить сессию"},{"OrderNum":"681/М","OrderDate":"2012-09-27","OrderText":"Отчислить по собственному желанию"}],"Contracts":[{"ContractGUID":"bf474dad-d874-11e3-80b8-005056833d8a","ContractDate":"2012-01-17","ContractSumma":4500.0}],"idLanguage":2},{"_id":{"$oid":"5f71fbecbc37531514b57fc9"},"StNum":"1032071791","Faculty":"Факультет гуманитарных и социальных наук","Sp":"Реклама и связи с общественностью","EduLevel":"Бакалавриат","Class":4,"Status":"Окончил","Orders":[{"OrderNum":"73/Г","OrderDate":"2010-02-17","OrderText":"Продлить сессию"},{"OrderNum":"855/Г","OrderDate":"2010-12-31","OrderText":"Перевести на следующий курс"},{"OrderNum":"866/Г","OrderDate":"2011-12-16","OrderText":"Перевести на следующий курс"},{"OrderNum":"240/Г","OrderDate":"2012-06-20","OrderText":"Отчислить в связи с окончанием обучения"}],"idLanguage":1},{"_id":{"$oid":"5f71fbecbc37531514b5860e"},"StNum":"1032081979","Faculty":"Медицинский факультет","Sp":"Лечебное дело","EduLevel":"Специалитет","Class":6,"Status":"Окончил","Orders":[{"OrderNum":"783/М","OrderDate":"2009-12-31","OrderText":"Восстановить студентом"},{"OrderNum":"783/М","OrderDate":"2009-12-31","OrderText":"Перевести на другой учебный план"},{"OrderNum":"355/М","OrderDate":"2010-07-08","OrderText":"Перевести на следующий курс"},{"OrderNum":"384/М","OrderDate":"2011-07-07","OrderText":"Перевести на следующий курс"},{"OrderNum":"357/М","OrderDate":"2012-07-05","OrderText":"Перевести на следующий курс"},{"OrderNum":"531/М","OrderDate":"2013-07-08","OrderText":"Перевести на следующий курс"},{"OrderNum":"499/М","OrderDate":"2014-07-08","OrderText":"Перевести на следующий курс"},{"OrderNum":"540/М","OrderDate":"2015-06-25","OrderText":"Отчислить в связи с окончанием обучения"}],"idLanguage":4},{"_id":{"$oid":"5f71fbecbc37531514b58d9a"},"StNum":"1032070315","Faculty":"Экономический факультет","Sp":"Экономика","EduLevel":"Бакалавриат","Class":2,"Status":"Отчислен","Orders":[{"OrderNum":"155/Я","OrderDate":"2007-07-16","OrderText":"Зачислить как прошедшего по конкурсу"},{"OrderNum":"200/ЯР","OrderDate":"2008-07-18","OrderText":"Перевести на другой уровень обучения"},{"OrderNum":"306/Э","OrderDate":"2009-09-08","OrderText":"Отчислить за академическую задолженность"},{"OrderNum":"494/Э","OrderDate":"2009-12-31","OrderText":"Восстановить студентом"},{"OrderNum":"188/Э","OrderDate":"2010-07-12","OrderText":"Перевести на следующий курс"},{"OrderNum":"44/Э","OrderDate":"2011-02-02","OrderText":"Отчислить за академическую задолженность"}],"idLanguage":2},{"_id":{"$oid":"5f71fbecbc37531514b58f19"},"StNum":"1032073079","Faculty":"Факультет гуманитарных и социальных наук","Sp":"Государственное и муниципальное управление","EduLevel":"Специалитет","Class":2,"Status":"Отчислен","Orders":[{"OrderNum":"410/Я","OrderDate":"2007-08-30","OrderText":"Зачислить как прошедшего по конкурсу"},{"OrderNum":"255/ЯР","OrderDate":"2008-07-29","OrderText":"Перевести на другой уровень обучения"},{"OrderNum":"202/Г","OrderDate":"2009-04-07","OrderText":"Отчислить за академическую задолженность"},{"OrderNum":"627/Г","OrderDate":"2009-10-13","OrderText":"Восстановить студентом"},{"OrderNum":"265/Г","OrderDate":"2010-07-12","OrderText":"Продлить сессию"},{"OrderNum":"855/Г","OrderDate":"2010-12-31","OrderText":"Перевести на следующий курс"},{"OrderNum":"118/Г","OrderDate":"2011-02-17","OrderText":"Отчислить за академическую задолженность"},{"OrderNum":"704/Г","OrderDate":"2011-10-20","OrderText":"Восстановить студентом"},{"OrderNum":"898/Г","OrderDate":"2011-12-26","OrderText":"Отчислить в связи с призывом в армию"}],"idLanguage":4},{"_id":{"$oid":"5f71fbecbc37531514b58f29"},"StNum":"1032032886","Faculty":"Юридический институт","Sp":"Юриспруденция","EduLevel":"Специалитет","Class":5,"Status":"Отчислен","Orders":[{"OrderNum":"149/ЮЗ","OrderDate":"2004-12-31","OrderText":"Перевести на следующий курс"},{"OrderNum":"4/ЮЗ","OrderDate":"2006-01-17","OrderText":"Перевести на следующий курс"},{"OrderNum":"15/ЮЗ","OrderDate":"2007-01-29","OrderText":"Перевести на следующий курс"},{"OrderNum":"17/ЮЗ","OrderDate":"2008-01-29","OrderText":"Перевести на следующий курс"},{"OrderNum":"76/ЮЗ","OrderDate":"2008-06-11","OrderText":"Перевести на другой учебный план"},{"OrderNum":"57/ЮЗ","OrderDate":"2009-05-05","OrderText":"Отчислить за нарушение условий контракта"}],"idLanguage":3},{"_id":{"$oid":"5f71fbedbc37531514b5983b"},"StNum":"1032070809","Faculty":"Факультет гуманитарных и социальных наук","Sp":"Государственное и муниципальное управление","EduLevel":"Специалитет","Class":2,"Status":"Отчислен","Orders":[{"OrderNum":"337/Я","OrderDate":"2007-07-31","OrderText":"Зачислить как прошедшего по конкурсу"},{"OrderNum":"251/ЯР","OrderDate":"2008-07-29","OrderText":"Перевести на другой уровень обучения"},{"OrderNum":"98/Г","OrderDate":"2009-02-18","OrderText":"Продлить сессию"},{"OrderNum":"333/Г","OrderDate":"2009-07-17","OrderText":"Продлить сессию"},{"OrderNum":"849/Г","OrderDate":"2009-12-31","OrderText":"Перевести на другой учебный план"},{"OrderNum":"33/ГВ","OrderDate":"2010-05-17","OrderText":"Отчислить за нарушение условий контракта"}],"idLanguage":4},{"_id":{"$oid":"5f71fbedbc37531514b59a96"},"StNum":"1032011736","Faculty":"Экономический факультет","Sp":"Бизнес-информатика","EduLevel":"Бакалавриат","Class":1,"Status":"Отчислен","Orders":[{"OrderNum":"144/Э","OrderDate":"2001-08-30","OrderText":"Зачислить как прошедшего по конкурсу"},{"OrderNum":"315/э","OrderDate":"2002-12-31","OrderText":"Отчислить за академическую задолженность"}],"idLanguage":3},{"_id":{"$oid":"5f71fbedbc37531514b59f2d"},"StNum":"1032094005","Faculty":"Медицинский институт","Sp":"Лечебное дело","EduLevel":"Специалитет","Class":1,"Status":"Отчислен","Orders":[{"OrderNum":"68/П","OrderDate":"2009-01-23","OrderText":"Зачислить иностранца"},{"OrderNum":"704/П","OrderDate":"2009-08-17","OrderText":"Перевести на другой учебный план"},{"OrderNum":"784/М","OrderDate":"2009-12-31","OrderText":"Отчислить за нарушение условий контракта"}],"idLanguage":2},{"_id":{"$oid":"5f71fbedbc37531514b59f2f"},"StNum":"1032094018","Faculty":"Факультет русского языка и общеобразовательных дисциплин","Sp":"Радиофизика","EduLevel":"Дополнительное образование детей и взрослых","Class":1,"Status":"Отчислен","Orders":[{"OrderNum":"57/П","OrderDate":"2009-01-21","OrderText":"Зачислить иностранца"},{"OrderNum":"1706/П","OrderDate":"2009-12-31","OrderText":"Отчислить за нарушение условий контракта"}],"idLanguage":4},{"_id":{"$oid":"5f71fbedbc37531514b59f30"},"StNum":"1032094020","Faculty":"Факультет русского языка и общеобразовательных дисциплин","Sp":"Лечебное дело","EduLevel":"Дополнительное образование детей и взрослых","Class":1,"Status":"Отчислен","Orders":[{"OrderNum":"137/П","OrderDate":"2009-02-10","OrderText":"Зачислить иностранца"},{"OrderNum":"1703/П","OrderDate":"2009-12-31","OrderText":"Отчислить за нарушение условий контракта"}]},{"_id":{"$oid":"5f71fbeebc37531514b5b9ab"},"StNum":"1032104421","Faculty":"Институт иностранных языков","Sp":"Лингвистика","EduLevel":"Бакалавриат","Class":1,"Status":"Отчислен","Orders":[{"OrderNum":"251/Я","OrderDate":"2010-10-27","OrderText":"Зачислить иностранца"},{"OrderNum":"251/Я","OrderDate":"2010-10-27","OrderText":"Смена ФИО на латинице"},{"OrderNum":"251/Я","OrderDate":"2010-10-27","OrderText":"Смена ФИО"},{"OrderNum":"287/Я","OrderDate":"2010-12-31","OrderText":"Отчислить за нарушение условий контракта"}],"idLanguage":1},{"_id":{"$oid":"5f71fbeebc37531514b5c4ce"},"StNum":"1032070632","Faculty":"Медицинский факультет","Sp":"Фармация","EduLevel":"Специалитет","Class":6,"Status":"Окончил","Orders":[{"OrderNum":"138/МВ","OrderDate":"2010-10-28","OrderText":"Перевести на следующий курс"},{"OrderNum":"158/МВ","OrderDate":"2012-10-08","OrderText":"Перевести на следующий курс"},{"OrderNum":"31/МВ","OrderDate":"2013-02-11","OrderText":"Отчислить за академическую задолженность"},{"OrderNum":"52/МВ","OrderDate":"2013-03-06","OrderText":"Восстановить студентом"},{"OrderNum":"308/МВ","OrderDate":"2013-12-31","OrderText":"Перевести на следующий курс"},{"OrderNum":"44/МВ","OrderDate":"2014-02-13","OrderText":"Отчислить в связи с окончанием обучения"}],"Contracts":[{"ContractGUID":"ca6e0bdb-d873-11e3-80b8-005056833d8a","ContractDate":"2013-12-19","ContractSumma":10800.0}],"idLanguage":1},{"_id":{"$oid":"5f71fbeebc37531514b5c8e4"},"StNum":"1032084069","Faculty":"Факультет гуманитарных и социальных наук","Sp":"Государственное и муниципальное управление","EduLevel":"Специалитет","Class":2,"Status":"Отчислен","Orders":[{"OrderNum":"396/ЯР","OrderDate":"2008-09-16","OrderText":"Зачислить иностранца"},{"OrderNum":"196/ЯР","OrderDate":"2009-07-13","OrderText":"Перевести на другой уровень обучения"},{"OrderNum":"848/Г","OrderDate":"2009-12-31","OrderText":"Перевести на другой учебный план"},{"OrderNum":"244/Г","OrderDate":"2010-07-07","OrderText":"Перевести на следующий курс"},{"OrderNum":"611/Г","OrderDate":"2010-10-11","OrderText":"Отчислить по собственному желанию"}],"idLanguage":4},{"_id":{"$oid":"5f71fbefbc37531514b5dc05"},"StNum":"1030995293","Faculty":"Медицинский институт","Sp":"Стоматология","EduLevel":"Специалитет","Class":5,"Status":"Отчислен","Orders":[{"OrderNum":"1428/п","OrderDate":"1999-12-31","OrderText":"Зачислить как прошедшего по конкурсу"},{"OrderNum":"234/М","OrderDate":"2004-07-20","OrderText":"Перевести на следующий курс"},{"OrderNum":"152/М","OrderDate":"2005-07-13","OrderText":"Продлить сессию"},{"OrderNum":"195/М","OrderDate":"2005-09-02","OrderText":"Перевести на следующий курс"},{"OrderNum":"261/М","OrderDate":"2006-08-03","OrderText":"Отчислить за академическую задолженность"}],"Contracts":[{"ContractGUID":"159e3137-d510-11e7-81a9-005056837a1d","ContractDate":"2017-11-29","ContractSumma":0.0},{"ContractGUID":"02ea02c5-6f05-11e8-81ec-005056833d8a","ContractDate":"2018-06-13","ContractSumma":0.0}],"idLanguage":1},{"_id":{"$oid":"5f71fbefbc37531514b5dc43"},"StNum":"1042138048","Faculty":"Медицинский институт","Sp":"Клиническая медицина","EduLevel":"Аспирантура","Class":1,"Status":"Отчислен","Orders":[{"OrderNum":"","OrderDate":"2013-07-01","OrderText":"Зачислить как прошедшего по конкурсу (КВК)"},{"OrderNum":"к","OrderDate":"2013-12-31","OrderText":"Отчислить по собственному желанию"}],"idLanguage":4},{"_id":{"$oid":"5f71fbefbc37531514b5df71"},"StNum":"1072148022","Faculty":"Факультет гуманитарных и социальных наук","Sp":"Языкознание и литературоведение","EduLevel":"Стажер","Class":1,"Status":"Окончил","Orders":[{"OrderNum":"542а/и от 04.07.14","OrderDate":"2014-07-01","OrderText":"Зачислить как прошедшего по конкурсу (КВК)"},{"OrderNum":"к","OrderDate":"2014-12-31","OrderText":"Отчислить в связи с окончанием обучения"}],"idLanguage":1},{"_id":{"$oid":"5f71fbefbc37531514b5e609"},"StNum":"1032082826","Faculty":"Факультет гуманитарных и социальных наук","Sp":"Государственное и муниципальное управление","EduLevel":"Специалитет","Class":2,"Status":"Отчислен","Orders":[{"OrderNum":"422/Г","OrderDate":"2008-09-15","OrderText":"Зачислить как прошедшего по конкурсу"},{"OrderNum":"333/Г","OrderDate":"2009-07-17","OrderText":"Продлить сессию"},{"OrderNum":"850/Г","OrderDate":"2009-12-31","OrderText":"Перевести на следующий курс"},{"OrderNum":"73/Г","OrderDate":"2010-02-17","OrderText":"Продлить сессию"},{"OrderNum":"256/Г","OrderDate":"2010-07-07","OrderText":"Предоставить академический отпуск"},{"OrderNum":"721/Г","OrderDate":"2010-11-17","OrderText":"Отчислить в связи с переводом в другой вуз"},{"OrderNum":"139/Г","OrderDate":"2011-03-15","OrderText":"Восстановить студентом"},{"OrderNum":"287/Г","OrderDate":"2011-07-14","OrderText":"Отчислить за академическую задолженность"}],"idLanguage":3},{"_id":{"$oid":"5f71fbefbc37531514b5e71e"},"StNum":"1072148029","Faculty":"Факультет гуманитарных и социальных наук","Sp":"Языкознание и литературоведение","EduLevel":"Стажер","Class":1,"Status":"Окончил","Orders":[{"OrderNum":"806а/и от 26.08.14","OrderDate":"2014-09-01","OrderText":"Зачислить как прошедшего по конкурсу (КВК)"},{"OrderNum":"","OrderDate":"2014-12-31","OrderText":"Отчислить в связи с окончанием обучения"}],"Contracts":[{"ContractGUID":"99dbac0b-6b09-11e4-80d3-005056833d8a","ContractDate":"2014-11-13","ContractSumma":0.0},{"ContractGUID":"0c0bf319-6b09-11e4-80d3-005056833d8a","ContractDate":"2014-11-13","ContractSumma":0.0}],"idLanguage":4},{"_id":{"$oid":"5f71fbf0bc37531514b5f8d5"},"StNum":"1032083226","Faculty":"Медицинский факультет","Sp":"Фармация","EduLevel":"Специалитет","Class":6,"Status":"Окончил","Orders":[{"OrderNum":"129/МВ","OrderDate":"2010-10-22","OrderText":"Перевести на следующий курс"},{"OrderNum":"185/МВ","OrderDate":"2011-10-20","OrderText":"Перевести на следующий курс"},{"OrderNum":"179/МВ","OrderDate":"2012-10-22","OrderText":"Перевести на следующий курс"},{"OrderNum":"308/МВ","OrderDate":"2013-12-31","OrderText":"Перевести на следующий курс"},{"OrderNum":"45/МВ","OrderDate":"2014-02-13","OrderText":"Отчислить за академическую задолженность"},{"OrderNum":"153/МВ","OrderDate":"2014-04-29","OrderText":"Восстановить студентом"},{"OrderNum":"193/МВ","OrderDate":"2014-06-19","OrderText":"Отчислить в связи с окончанием обучения"}],"idLanguage":3},{"_id":{"$oid":"5f71fbf0bc37531514b5f8d6"},"StNum":"1032062937","Faculty":"Медицинский факультет","Sp":"Фармация","EduLevel":"Специалитет","Class":6,"Status":"Окончил","Orders":[{"OrderNum":"162/МВ","OrderDate":"2010-11-23","OrderText":"Перевести на следующий курс"},{"OrderNum":"28/МВ","OrderDate":"2012-02-08","OrderText":"Отчислить за академическую задолженность"},{"OrderNum":"188/МВ","OrderDate":"2012-10-30","OrderText":"Восстановить студентом"},{"OrderNum":"308/МВ","OrderDate":"2013-12-31","OrderText":"Перевести на следующий курс"},{"OrderNum":"44/МВ","OrderDate":"2014-02-13","OrderText":"Отчислить в связи с окончанием обучения"}],"idLanguage":3},{"_id":{"$oid":"5f71fbf0bc37531514b5f907"},"StNum":"1032081876","Faculty":"Филологический факультет","Sp":"Психология","EduLevel":"Бакалавриат","Class":2,"Status":"Отчислен","Orders":[{"OrderNum":"274/ЯР","OrderDate":"2008-08-05","OrderText":"Зачислить как прошедшего по конкурсу"},{"OrderNum":"169/ЯР","OrderDate":"2009-07-07","OrderText":"Перевести на другой уровень обучения"},{"OrderNum":"710/Ф","OrderDate":"2009-12-31","OrderText":"Отчислить по собственному желанию"},{"OrderNum":"345/Ф","OrderDate":"2010-08-30","OrderText":"Перевести на другой учебный план"},{"OrderNum":"345/Ф","OrderDate":"2010-08-30","OrderText":"Восстановить студентом"},{"OrderNum":"312/Ф","OrderDate":"2011-07-06","OrderText":"Перевести на следующий курс"},{"OrderNum":"25/Ф","OrderDate":"2012-01-25","OrderText":"Отчислить по собственному желанию"}],"idLanguage":3},{"_id":{"$oid":"5f71fbf0bc37531514b5fa5f"},"StNum":"1032090039","Faculty":"Факультет физико-математических и естественных наук","Sp":"Математика и компьютерные науки","EduLevel":"Бакалавриат","Class":4,"Status":"Окончил","Orders":[{"OrderNum":"53/ЯР","OrderDate":"2010-07-06","OrderText":"Перевести на другой уровень обучения"},{"OrderNum":"312/Н","OrderDate":"2010-12-31","OrderText":"Предоставить академический отпуск"},{"OrderNum":"288/Н","OrderDate":"2011-09-30","OrderText":"Перевести на другой учебный план"},{"OrderNum":"288/Н","OrderDate":"2011-09-30","OrderText":"Восстановить студентом"},{"OrderNum":"174/Н","OrderDate":"2012-07-05","OrderText":"Перевести на следующий курс"},{"OrderNum":"232/Н","OrderDate":"2013-07-08","OrderText":"Перевести на следующий курс"},{"OrderNum":"206/Н","OrderDate":"2014-07-08","OrderText":"Перевести на следующий курс"},{"OrderNum":"220/Н","OrderDate":"2015-06-25","OrderText":"Отчислить в связи с окончанием обучения"}],"Contracts":[{"ContractGUID":"70e6c084-d86e-11e3-80b8-005056833d8a","ContractDate":"2011-09-02","ContractSumma":58800.0},{"ContractGUID":"dd20c85a-d874-11e3-80b8-005056833d8a","ContractDate":"2012-11-23","ContractSumma":7560.0},{"ContractGUID":"f29a0841-d871-11e3-80b8-005056833d8a","ContractDate":"2013-11-21","ContractSumma":750.0},{"ContractGUID":"05f5d6de-877b-11e4-80dc-005056837a1d","ContractDate":"2014-12-19","ContractSumma":0.0},{"ContractGUID":"b1d7e7ff-8778-11e4-80dc-005056837a1d","ContractDate":"2014-12-19","ContractSumma":0.0},{"ContractGUID":"449bd775-e8c4-11e4-80f1-005056833d8a","ContractDate":"2015-04-22","ContractSumma":0.0}],"idLanguage":4},{"_id":{"$oid":"5f71fbf0bc37531514b5fcc2"},"StNum":"1032054027","Faculty":"Экономический факультет","Sp":"Менеджмент","EduLevel":"Бакалавриат","Class":2,"Status":"Отчислен","Orders":[{"OrderNum":"80/Ш","OrderDate":"2005-10-06","OrderText":"Зачислить как прошедшего по конкурсу"},{"OrderNum":"63/ш","OrderDate":"2006-07-17","OrderText":"Продлить сессию"},{"OrderNum":"110/ш","OrderDate":"2006-10-25","OrderText":"Отчислить за академическую задолженность"},{"OrderNum":"35/Ш","OrderDate":"2008-03-26","OrderText":"Восстановить студентом"},{"OrderNum":"378/Э","OrderDate":"2008-09-30","OrderText":"Перевести на другой учебный план"},{"OrderNum":"22/ЭВ","OrderDate":"2009-02-26","OrderText":"Отчислить за академическую задолженность"},{"OrderNum":"37/ЭВ","OrderDate":"2009-04-02","OrderText":"Восстановить студентом"},{"OrderNum":"205/ЭВ","OrderDate":"2009-11-02","OrderText":"Отчислить за академическую задолженность"},{"OrderNum":"227/ЭВ","OrderDate":"2009-12-31","OrderText":"Восстановить студентом"},{"OrderNum":"15/ЭВ","OrderDate":"2010-03-05","OrderText":"Отчислить за академическую задолженность"},{"OrderNum":"153/ЭВ","OrderDate":"2014-08-25","OrderText":"Перевести на другой учебный план"},{"OrderNum":"153/ЭВ","OrderDate":"2014-08-25","OrderText":"Восстановить студентом"},{"OrderNum":"64/ЭВ","OrderDate":"2015-03-26","OrderText":"Отчислить в связи с прекращением посещения занятий"}],"idLanguage":3},{"_id":{"$oid":"5f71fbf0bc37531514b60658"},"StNum":"1032051090","Faculty":"Факультет гуманитарных и социальных наук","Sp":"Государственное и муниципальное управление","EduLevel":"Специалитет","Class":5,"Status":"Окончил","Orders":[{"OrderNum":"265/Г","OrderDate":"2010-07-12","OrderText":"Продлить сессию"},{"OrderNum":"855/Г","OrderDate":"2010-12-31","OrderText":"Перевести на следующий курс"},{"OrderNum":"124/Г","OrderDate":"2011-02-24","OrderText":"Продлить сессию"},{"OrderNum":"235/Г","OrderDate":"2011-06-16","OrderText":"Отчислить в связи с окончанием обучения"}]}]}
{"_id":{"$oid":"5f720448fe61e38ddf85afdb"},"4":[{"_id":{"$oid":"5f71fbe2bc37531514b48e12"},"StNum":"1032148140","Faculty":"Институт международных программ","Sp":"Юриспруденция","EduLevel":"Бакалавриат","Class":2,"Status":"Отчислен","Orders":[{"OrderNum":"274/Д","OrderDate":"2014-10-16","OrderText":"Зачислить иностранца"},{"OrderNum":"272/Д","OrderDate":"2015-12-11","OrderText":"Перевести на следующий курс"},{"OrderNum":"82/Д","OrderDate":"2016-04-27","OrderText":"Отчислить за нарушение условий контракта"}],"Contracts":[{"ContractGUID":"","ContractDate":"2014-09-30","ContractSumma":0.0},{"ContractGUID":"","ContractDate":"2015-12-31","ContractSumma":0.0}]},{"_id":{"$oid":"5f71fbefbc37531514b5dc8e"},"StNum":"1032161062","Faculty":"Филологический факультет","Sp":"Лингвистика","EduLevel":"Бакалавриат","Class":4,"Status":"Учится","Orders":[{"OrderNum":"","OrderText":"Перевести на следующий курс"},{"OrderNum":"599/И","OrderDate":"2016-07-29","OrderText":"Зачислить как прошедшего по конкурсу"},{"OrderNum":"941/И","OrderDate":"2016-10-17","OrderText":"Перевести на другой учебный план"},{"OrderNum":"344/Г","OrderDate":"2017-07-11","OrderText":"Перевести на следующий курс"},{"OrderNum":"385/Г","OrderDate":"2018-07-09","OrderText":"Перевести на следующий курс"},{"OrderNum":"849/Г","OrderDate":"2018-09-28","OrderText":"Предоставить академический отпуск"},{"OrderNum":"687/Г","OrderDate":"2019-09-05","OrderText":"Восстановить студентом"},{"OrderNum":"64/Г","OrderDate":"2020-02-06","OrderText":"Индивидуальный перевод"},{"OrderNum":"507-ф","OrderDate":"2020-07-16","OrderText":"Перевести на следующий курс"}],"Contracts":[{"ContractGUID":"","ContractDate":"2016-07-18","ContractSumma":0.0},{"ContractGUID":"83569f30-6f7d-11e6-8148-005056837a1d","ContractDate":"2016-08-31","ContractSumma":0.0},{"ContractGUID":"5a2f4341-8f7e-11e6-813f-005056833d8a","ContractDate":"2016-10-11","ContractSumma":0.0},{"ContractGUID":"2157c8ee-8f7f-11e6-813f-005056833d8a","ContractDate":"2016-10-11","ContractSumma":0.0},{"ContractGUID":"1f9f4191-bd81-11e7-81a5-005056837a1d","ContractDate":"2017-10-30","ContractSumma":0.0},{"ContractGUID":"bfde4de4-2bae-11ea-8261-005056837a1d","ContractDate":"2019-12-31","ContractSumma":0.0},{"ContractGUID":"ce17142e-4687-11ea-8259-005056833d8a","ContractDate":"2020-02-03","ContractSumma":0.0},{"ContractGUID":"441262ce-48d0-11ea-8267-005056837a1d","ContractDate":"2020-02-06","ContractSumma":0.0}],"idLanguage":1},{"_id":{"$oid":"5f71fbf1bc37531514b609f9"},"StNum":"1032148237","Faculty":"Институт международных программ","Sp":"Юриспруденция","EduLevel":"Бакалавриат","Class":2,"Status":"Отчислен","Orders":[{"OrderNum":"365/Д","OrderDate":"2014-12-12","OrderText":"Зачислить иностранца"},{"OrderNum":"266/Д","OrderDate":"2015-12-08","OrderText":"Перевести на следующий курс"},{"OrderNum":"76/Д","OrderDate":"2016-04-27","OrderText":"Отчислить за нарушение условий контракта"}],"Contracts":[{"ContractGUID":"","ContractDate":"2014-09-30","ContractSumma":0.0},{"ContractGUID":"","ContractDate":"2015-12-31","ContractSumma":0.0}],"idLanguage":3}]}
