{"_id":{"$oid":"5f9d0d2622451640dcd3e6b2"},"1":[{"_id":"Заочная","Количество":5817.0},{"_id":"Очная","Количество":55849.0},{"_id":"Экстернат","Количество":18.0},{"_id":"Очно-заочная","Количество":7645.0},{"_id":null,"Количество":1.0}]}
{"_id":{"$oid":"5f9d0d2c22451640dcd3e6b3"},"2":[{"_id":"Юридический","Количество":3613.0},{"_id":"Медицинский","Количество":4361.0},{"_id":"Инженерный","Количество":4202.0},{"_id":"Гуманитарных и социальных наук","Количество":4917.0},{"_id":"Институт мировой экономики и бизнеса","Количество":1168.0},{"_id":"Филологический","Количество":4449.0},{"_id":"Институт прикладных технико-экономических исследований и экспертиз","Количество":66.0},{"_id":"Экологический","Количество":989.0},{"_id":"Курчатовский Институт","Количество":10.0},{"_id":"Институт международных программ","Количество":38.0},{"_id":"Кафедра сравнительной образовательной политики","Количество":92.0},{"_id":"Институт иностранных языков","Количество":1130.0},{"_id":"Аграрный","Количество":1731.0},{"_id":"Учебно-научный институт гравитации и космологии","Количество":30.0},{"_id":"Институт гостиничного бизнеса и туризма","Количество":914.0},{"_id":"Экономический","Количество":4092.0},{"_id":"Физико-математических  и естественных наук","Количество":1735.0}]}
{"_id":{"$oid":"5f9d0d3122451640dcd3e6b4"},"3":[{"_id":"Лингвистика","Количество":20.0},{"_id":"Международное право","Количество":26.0},{"_id":"Юриспруденция","Количество":2496.0}]}
{"_id":{"$oid":"5f9d0d3522451640dcd3e6b5"},"4":[{"_id":"Среднее курса","Значение":1.7226107226107226}]}
{"_id":{"$oid":"5f9d0d3a22451640dcd3e6b6"},"5":[{"_id":"Филологический","Значение":1},{"_id":"Инженерный","Значение":1},{"_id":"Медицинский","Значение":1},{"_id":"Гуманитарных и социальных наук","Значение":1},{"_id":"Институт международных программ","Значение":1},{"_id":"Институт мировой экономики и бизнеса","Значение":1},{"_id":"Институт прикладных технико-экономических исследований и экспертиз","Значение":1},{"_id":"Научно-образовательный центр Нанотехнологии","Значение":1},{"_id":"Курчатовский Институт","Значение":1},{"_id":"Экологический","Значение":1},{"_id":"Институт иностранных языков","Значение":1},{"_id":"Аграрный","Значение":1},{"_id":"Кафедра сравнительной образовательной политики","Значение":1},{"_id":"Юридический","Значение":1},{"_id":"Учебно-научный институт гравитации и космологии","Значение":1},{"_id":"Физико-математических  и естественных наук","Значение":1},{"_id":"Экономический","Значение":1},{"_id":"Институт гостиничного бизнеса и туризма","Значение":1}]}
{"_id":{"$oid":"5f9d0d4322451640dcd3e6b7"},"2.1":[{"_id":"русский","Количество":62417.0}]}
{"_id":{"$oid":"5f9d0d4c22451640dcd3e6b8"},"2.1.1":[{"_id":"русский","Количество":30263.0}]}
{"_id":{"$oid":"5f9d0d5422451640dcd3e6b9"},"2.2":[{"_id":"английский","Количество":48491.0},{"_id":"испанский","Количество":6942.0},{"_id":"немецкий","Количество":34647.0},{"_id":"французский","Количество":20757.0},{"_id":"русский","Количество":62417.0}]}
{"_id":{"$oid":"5f9d0d5e22451640dcd3e6ba"},"2.3":[{"_id":"английский","Количество":11313.0},{"_id":"испанский","Количество":1617.0},{"_id":"немецкий","Количество":8085.0},{"_id":"французский","Количество":4845.0},{"_id":"русский","Количество":14569.0}]}
{"_id":{"$oid":"5f9d0d6422451640dcd3e6bb"},"3":[{"_id":{"$oid":"5f6a35875deb04f9c569f7e8"},"Номер":"1032084415","Статус":"Отчисление","Гражданство":"Азербайджанская Республика","Пол":"Женский","Факультет":"Экономический","Специальность":"Менеджмент","Форма обучения":"Заочная","Уровень":"Бакалавриат","Период":"Полный","Финансирование":"контракт","Курс":4,"Languages":["русский","английский","немецкий"]},{"_id":{"$oid":"5f6a35875deb04f9c569f8ba"},"Номер":"1032073411","Статус":"Отчисление","Гражданство":"Российская Федерация","Пол":"Мужской","Факультет":"Экономический","Специальность":"Экономика","Форма обучения":"Очно-заочная","Уровень":"Бакалавриат","Период":"Полный","Финансирование":"контракт","Курс":4,"Languages":["русский"]},{"_id":{"$oid":"5f6a35875deb04f9c569f917"},"Номер":"1032104196","Статус":"Отчисление","Гражданство":"Республика Узбекистан","Пол":"Мужской","Факультет":"Экономический","Специальность":"Менеджмент","Форма обучения":"Очно-заочная","Уровень":"Бакалавриат","Период":"Полный","Финансирование":"контракт","Курс":4,"Languages":["русский","английский","немецкий"]},{"_id":{"$oid":"5f6a35885deb04f9c56a0989"},"Номер":"1032110689","Статус":"Отчисление","Гражданство":"Российская Федерация","Пол":"Мужской","Факультет":"Экономический","Специальность":"Экономика","Форма обучения":"Очная","Уровень":"Бакалавриат","Период":"Полный","Финансирование":"контракт","Курс":4,"Languages":["русский","английский","немецкий","французский","испанский"]},{"_id":{"$oid":"5f6a35885deb04f9c56a0a95"},"Номер":"1032082870","Статус":"Отчисление","Гражданство":"Российская Федерация","Пол":"Женский","Факультет":"Экономический","Специальность":"Финансы и кредит","Форма обучения":"Очная","Уровень":"Специальность","Период":"Полный","Финансирование":"контракт","Курс":4},{"_id":{"$oid":"5f6a35885deb04f9c56a0b86"},"Номер":"1032111918","Статус":"Отчисление","Гражданство":"Российская Федерация","Пол":"Мужской","Факультет":"Экономический","Специальность":"Экономика","Форма обучения":"Очная","Уровень":"Бакалавриат","Период":"Полный","Финансирование":"контракт","Курс":4,"Languages":["русский","английский","немецкий","французский"]},{"_id":{"$oid":"5f6a35885deb04f9c56a0cf8"},"Номер":"1032072703","Статус":"Отчисление","Гражданство":"Российская Федерация","Пол":"Мужской","Факультет":"Экономический","Специальность":"Экономика","Форма обучения":"Очная","Уровень":"Бакалавриат","Период":"Полный","Финансирование":"контракт","Курс":4,"Languages":["русский","английский"]},{"_id":{"$oid":"5f6a35885deb04f9c56a0dde"},"Номер":"1032034357","Статус":"Отчисление","Гражданство":"Китай","Пол":"Женский","Факультет":"Экономический","Специальность":"Экономика","Форма обучения":"Очная","Уровень":"Бакалавриат","Период":"Полный","Финансирование":"бюджет","Курс":4,"Languages":["русский","английский","немецкий","французский"]},{"_id":{"$oid":"5f6a35885deb04f9c56a0f45"},"Номер":"1032011001","Статус":"Отчисление","Гражданство":"Российская Федерация","Пол":"Мужской","Факультет":"Экономический","Специальность":"Экономика","Форма обучения":"Очная","Уровень":"Бакалавриат","Период":"Полный","Финансирование":"бюджет","Курс":4,"Languages":["русский"]},{"_id":{"$oid":"5f6a35885deb04f9c56a104e"},"Номер":"1032032413","Статус":"Отчисление","Гражданство":"Российская Федерация","Пол":"Женский","Факультет":"Экономический","Специальность":"Экономика","Форма обучения":"Заочная","Уровень":"Бакалавриат","Период":"Полный","Финансирование":"контракт","Курс":4,"Languages":["русский","английский"]},{"_id":{"$oid":"5f6a35885deb04f9c56a15a0"},"Номер":"1032101472","Статус":"Отчисление","Гражданство":"Республика Беларусь","Пол":"Женский","Факультет":"Экономический","Специальность":"Менеджмент","Форма обучения":"Очная","Уровень":"Бакалавриат","Период":"Полный","Финансирование":"бюджет","Курс":4,"Languages":["русский"]},{"_id":{"$oid":"5f6a35885deb04f9c56a18e3"},"Номер":"1032021455","Статус":"Отчисление","Гражданство":"Российская Федерация","Пол":"Женский","Факультет":"Экономический","Специальность":"Маркетинг","Форма обучения":"Очная","Уровень":"Специальность","Период":"Полный","Финансирование":"контракт","Курс":4,"Languages":["русский","английский","немецкий"]},{"_id":{"$oid":"5f6a35885deb04f9c56a197e"},"Номер":"1032083371","Статус":"Отчисление","Гражданство":"Российская Федерация","Пол":"Мужской","Факультет":"Экономический","Специальность":"Экономика","Форма обучения":"Заочная","Уровень":"Бакалавриат","Период":"Полный","Финансирование":"контракт","Курс":4,"Languages":["русский"]},{"_id":{"$oid":"5f6a35885deb04f9c56a2251"},"Номер":"1032060383","Статус":"Отчисление","Гражданство":"Российская Федерация","Пол":"Женский","Факультет":"Экономический","Специальность":"Экономика","Форма обучения":"Очно-заочная","Уровень":"Бакалавриат","Период":"Полный","Финансирование":"контракт","Курс":4,"Languages":["русский","английский"]},{"_id":{"$oid":"5f6a35885deb04f9c56a23a6"},"Номер":"1032055205","Статус":"Отчисление","Гражданство":"Республика Эквадор","Пол":"Мужской","Факультет":"Экономический","Специальность":"Менеджмент","Форма обучения":"Очная","Уровень":"Бакалавриат","Период":"Полный","Финансирование":"контракт","Курс":4,"Languages":["русский","английский","немецкий"]},{"_id":{"$oid":"5f6a35885deb04f9c56a2883"},"Номер":"1032094110","Статус":"Отчисление","Гражданство":"Азербайджанская Республика","Пол":"Мужской","Факультет":"Экономический","Специальность":"Экономика","Форма обучения":"Заочная","Уровень":"Бакалавриат","Период":"Полный","Финансирование":"контракт","Курс":4},{"_id":{"$oid":"5f6a35895deb04f9c56a2e46"},"Номер":"1032082488","Статус":"Отчисление","Гражданство":"Российская Федерация","Пол":"Женский","Факультет":"Экономический","Специальность":"Экономика","Форма обучения":"Очно-заочная","Уровень":"Бакалавриат","Период":"Полный","Финансирование":"контракт","Курс":4,"Languages":["русский","английский","немецкий","французский"]},{"_id":{"$oid":"5f6a35895deb04f9c56a300d"},"Номер":"1032100952","Статус":"Отчисление","Гражданство":"Российская Федерация","Пол":"Мужской","Факультет":"Экономический","Специальность":"Менеджмент","Форма обучения":"Очная","Уровень":"Бакалавриат","Период":"Полный","Финансирование":"контракт","Курс":4,"Languages":["русский"]},{"_id":{"$oid":"5f6a35895deb04f9c56a3140"},"Номер":"1032091991","Статус":"Отчисление","Гражданство":"Российская Федерация","Пол":"Женский","Факультет":"Экономический","Специальность":"Экономика","Форма обучения":"Очная","Уровень":"Бакалавриат","Период":"Полный","Финансирование":"контракт","Курс":4,"Languages":["русский"]},{"_id":{"$oid":"5f6a35895deb04f9c56a3217"},"Номер":"1032110408","Статус":"Отчисление","Гражданство":"Российская Федерация","Пол":"Женский","Факультет":"Экономический","Специальность":"Экономика","Форма обучения":"Очная","Уровень":"Бакалавриат","Период":"Полный","Финансирование":"контракт","Курс":4,"Languages":["русский","английский","немецкий","французский"]},{"_id":{"$oid":"5f6a35895deb04f9c56a3235"},"Номер":"1032031181","Статус":"Отчисление","Гражданство":"Российская Федерация","Пол":"Мужской","Факультет":"Экономический","Специальность":"Маркетинг","Форма обучения":"Очная","Уровень":"Специальность","Период":"Полный","Финансирование":"бюджет","Курс":4,"Languages":["русский"]},{"_id":{"$oid":"5f6a35895deb04f9c56a345d"},"Номер":"1032011017","Статус":"Отчисление","Гражданство":"Российская Федерация","Пол":"Мужской","Факультет":"Экономический","Специальность":"Экономика","Форма обучения":"Очная","Уровень":"Бакалавриат","Период":"Полный","Финансирование":"бюджет","Курс":4,"Languages":["русский","английский","немецкий","французский"]},{"_id":{"$oid":"5f6a35895deb04f9c56a34d4"},"Номер":"1032103081","Статус":"Отчисление","Гражданство":"Российская Федерация","Пол":"Женский","Факультет":"Экономический","Специальность":"Менеджмент","Форма обучения":"Очно-заочная","Уровень":"Бакалавриат","Период":"Полный","Финансирование":"контракт","Курс":4,"Languages":["русский"]},{"_id":{"$oid":"5f6a35895deb04f9c56a3d91"},"Номер":"1032075058","Статус":"Отчисление","Гражданство":"Кыргызская Республика","Пол":"Мужской","Факультет":"Экономический","Специальность":"Маркетинг","Форма обучения":"Очная","Уровень":"Специальность","Период":"Полный","Финансирование":"бюджет","Курс":4,"Languages":["русский","английский","немецкий","французский"]},{"_id":{"$oid":"5f6a35895deb04f9c56a4060"},"Номер":"1032112770","Статус":"Отчисление","Гражданство":"Российская Федерация","Пол":"Мужской","Факультет":"Экономический","Специальность":"Экономика","Форма обучения":"Заочная","Уровень":"Бакалавриат","Период":"Полный","Финансирование":"контракт","Курс":4},{"_id":{"$oid":"5f6a35895deb04f9c56a4213"},"Номер":"1032054361","Статус":"Отчисление","Гражданство":"Китай","Пол":"Мужской","Факультет":"Экономический","Специальность":"Менеджмент","Форма обучения":"Очная","Уровень":"Бакалавриат","Период":"Полный","Финансирование":"контракт","Курс":4,"Languages":["русский"]},{"_id":{"$oid":"5f6a35895deb04f9c56a4282"},"Номер":"1032112599","Статус":"Отчисление","Гражданство":"Российская Федерация","Пол":"Женский","Факультет":"Экономический","Специальность":"Менеджмент","Форма обучения":"Заочная","Уровень":"Бакалавриат","Период":"Полный","Финансирование":"контракт","Курс":4,"Languages":["русский","английский","немецкий","французский","испанский"]},{"_id":{"$oid":"5f6a35895deb04f9c56a463b"},"Номер":"1032115677","Статус":"Отчисление","Гражданство":"Республика Казахстан","Пол":"Мужской","Факультет":"Экономический","Специальность":"Менеджмент","Форма обучения":"Очная","Уровень":"Бакалавриат","Период":"Полный","Финансирование":"бюджет","Курс":4,"Languages":["русский","английский","немецкий","французский"]},{"_id":{"$oid":"5f6a35895deb04f9c56a47dd"},"Номер":"1032114971","Статус":"Отчисление","Гражданство":"Республика Казахстан","Пол":"Женский","Факультет":"Экономический","Специальность":"Экономика","Форма обучения":"Очная","Уровень":"Бакалавриат","Период":"Полный","Финансирование":"контракт","Курс":4,"Languages":["русский"]},{"_id":{"$oid":"5f6a358a5deb04f9c56a4e7d"},"Номер":"1032090929","Статус":"Отчисление","Гражданство":"Российская Федерация","Пол":"Женский","Факультет":"Экономический","Специальность":"Маркетинг","Форма обучения":"Очная","Уровень":"Специальность","Период":"Полный","Финансирование":"контракт","Курс":4,"Languages":["русский","английский","немецкий","французский","испанский"]},{"_id":{"$oid":"5f6a358a5deb04f9c56a4ed8"},"Номер":"1032081640","Статус":"Отчисление","Гражданство":"Российская Федерация","Пол":"Мужской","Факультет":"Экономический","Специальность":"Менеджмент","Форма обучения":"Заочная","Уровень":"Бакалавриат","Период":"Полный","Финансирование":"контракт","Курс":4},{"_id":{"$oid":"5f6a358a5deb04f9c56a579e"},"Номер":"1032110680","Статус":"Отчисление","Гражданство":"Российская Федерация","Пол":"Мужской","Факультет":"Экономический","Специальность":"Менеджмент","Форма обучения":"Очная","Уровень":"Бакалавриат","Период":"Полный","Финансирование":"контракт","Курс":4},{"_id":{"$oid":"5f6a358a5deb04f9c56a5e6e"},"Номер":"1032114862","Статус":"Отчисление","Гражданство":"Российская Федерация","Пол":"Мужской","Факультет":"Экономический","Специальность":"Экономика","Форма обучения":"Очная","Уровень":"Бакалавриат","Период":"Полный","Финансирование":"контракт","Курс":4,"Languages":["русский"]},{"_id":{"$oid":"5f6a358a5deb04f9c56a5eef"},"Номер":"1032074055","Статус":"Отчисление","Гражданство":"Республика Грузия","Пол":"Женский","Факультет":"Экономический","Специальность":"Экономика","Форма обучения":"Очная","Уровень":"Бакалавриат","Период":"Полный","Финансирование":"контракт","Курс":4,"Languages":["русский","английский","немецкий"]},{"_id":{"$oid":"5f6a358a5deb04f9c56a5ef1"},"Номер":"1032074056","Статус":"Отчисление","Гражданство":"Республика Грузия","Пол":"Женский","Факультет":"Экономический","Специальность":"Экономика","Форма обучения":"Очная","Уровень":"Бакалавриат","Период":"Полный","Финансирование":"контракт","Курс":4,"Languages":["русский","английский","немецкий"]}]}
{"_id":{"$oid":"5f9d0d6a22451640dcd3e6bc"},"Lab 3.2 1":[{"_id":"Glazed","Количество":3.0},{"_id":"Chocolate","Количество":3.0},{"_id":"None","Количество":3.0},{"_id":"Maple","Количество":3.0},{"_id":"Sugar","Количество":2.0},{"_id":"PowderedSugar","Количество":1.0},{"_id":"ChocolatewithSprinkles","Количество":1.0}]}
{"_id":{"$oid":"5f9d0d7122451640dcd3e6bd"},"Lab 3.2 2":[{"_id":{"_id":"1001","type":"Regular"},"Количество":3.0}]}
{"_id":{"$oid":"5f9d0d7922451640dcd3e6be"},"Lab 3.2 3":[{"_id":"Raised","Количество":5.0},{"_id":"OldFashioned","Количество":4.0},{"_id":"Cake","Количество":7.0}]}
{"_id":{"$oid":"5f9d0d7f22451640dcd3e6bf"},"Lab 3.2 4":[{"_id":"Raised","Количество":5.0},{"_id":"OldFashioned","Количество":4.0},{"_id":"Cake","Количество":7.0}]}
{"_id":{"$oid":"5f9d0d8722451640dcd3e6c0"},"Lab 3.3 1":[{"_id":{"$oid":"5f6a413f0931971fee54f41d"},"ID":306967,"Surname":"Школа","PeoplesCount":73000000}]}
{"_id":{"$oid":"5f9d0d8e22451640dcd3e6c1"},"Lab 3.3 2":[{"Surname":"Нгуен","PeoplesCount":4000}]}
{"_id":{"$oid":"5f9d0d9422451640dcd3e6c2"},"Lab 3.3 3":[{"Surname":"Нгуен","PeoplesCount":4000}]}
{"_id":{"$oid":"5f9d0d9922451640dcd3e6c3"},"Lab 3.3 4":[{"Surname":"Нгуен","PeoplesCount":4000}]}
